id,created_at,updated_at,deleted_at,timestamp,user_id,clicked_left,clicked_right,on_screen,screen_loc,selected_text,x,y,screen_width,screen_height
1,"2019-11-14 12:25:43","2019-11-14 12:25:43",NULL,"2019-11-14 12:25:43",1,0,0,0,8,,1049,249,NULL,NULL
2,"2019-11-14 12:25:44","2019-11-14 12:25:44",NULL,"2019-11-14 12:25:44",1,0,0,0,1164,,1115,591,NULL,NULL
3,"2019-11-14 12:25:45","2019-11-14 12:25:45",NULL,"2019-11-14 12:25:45",1,0,0,0,1223,,1288,825,NULL,NULL
4,"2019-11-14 12:25:46","2019-11-14 12:25:46",NULL,"2019-11-14 12:25:46",1,0,0,0,1222,,1302,823,NULL,NULL
5,"2019-11-14 12:25:47","2019-11-14 12:25:47",NULL,"2019-11-14 12:25:47",1,0,0,0,1011,,1175,468,NULL,NULL
6,"2019-11-14 12:25:48","2019-11-14 12:25:48",NULL,"2019-11-14 12:25:48",1,0,0,0,1011,,1175,468,NULL,NULL
7,"2019-11-14 12:25:49","2019-11-14 12:25:49",NULL,"2019-11-14 12:25:49",1,0,0,0,1011,,720,398,NULL,NULL
8,"2019-11-14 12:25:50","2019-11-14 12:25:50",NULL,"2019-11-14 12:25:50",1,0,0,0,1011,,900,153,NULL,NULL
9,"2019-11-14 12:25:51","2019-11-14 12:25:51",NULL,"2019-11-14 12:25:51",1,0,0,0,1011,,734,434,NULL,NULL
10,"2019-11-14 12:26:02","2019-11-14 12:26:02",NULL,"2019-11-14 12:26:02",1,0,0,0,1011,,678,103,NULL,NULL
11,"2019-11-14 12:26:03","2019-11-14 12:26:03",NULL,"2019-11-14 12:26:03",1,0,0,0,1011,,679,103,NULL,NULL
12,"2019-11-14 12:26:04","2019-11-14 12:26:04",NULL,"2019-11-14 12:26:04",1,0,0,0,1011,,534,233,NULL,NULL
13,"2019-11-14 12:26:05","2019-11-14 12:26:05",NULL,"2019-11-14 12:26:05",1,0,0,0,1011,,513,282,NULL,NULL
14,"2019-11-14 12:26:06","2019-11-14 12:26:06",NULL,"2019-11-14 12:26:06",1,0,0,0,1011,,484,324,NULL,NULL
15,"2019-11-14 12:27:09","2019-11-14 12:27:09",NULL,"2019-11-14 12:27:09",1,0,0,0,1011,,510,481,NULL,NULL
16,"2019-11-14 12:27:10","2019-11-14 12:27:10",NULL,"2019-11-14 12:27:10",1,0,0,0,1011,,538,574,NULL,NULL
17,"2019-11-14 12:27:11","2019-11-14 12:27:11",NULL,"2019-11-14 12:27:11",1,0,0,0,1011,,559,641,NULL,NULL
18,"2019-11-14 12:27:26","2019-11-14 12:27:26",NULL,"2019-11-14 12:27:26",1,0,0,0,1011,,559,642,NULL,NULL
19,"2019-11-14 12:27:27","2019-11-14 12:27:27",NULL,"2019-11-14 12:27:27",1,0,0,0,1011,,503,470,NULL,NULL
20,"2019-11-14 12:27:28","2019-11-14 12:27:28",NULL,"2019-11-14 12:27:28",1,0,0,0,1011,,535,438,NULL,NULL
21,"2019-11-14 12:27:30","2019-11-14 12:27:30",NULL,"2019-11-14 12:27:29",1,0,0,0,1011,,915,288,NULL,NULL
22,"2019-11-14 12:27:34","2019-11-14 12:27:34",NULL,"2019-11-14 12:27:33",1,0,0,1,1011,,915,288,NULL,NULL
23,"2019-11-14 12:27:35","2019-11-14 12:27:35",NULL,"2019-11-14 12:27:35",1,0,0,0,1011,,915,288,NULL,NULL
24,"2019-11-14 12:31:00","2019-11-14 12:31:00",NULL,"2019-11-14 12:31:00",1,0,0,1,1223,,899,724,NULL,NULL
25,"2019-11-14 12:31:01","2019-11-14 12:31:01",NULL,"2019-11-14 12:31:01",1,1,0,1,1223,,1316,822,NULL,NULL
26,"2019-11-14 12:31:02","2019-11-14 12:31:02",NULL,"2019-11-14 12:31:02",1,0,0,1,1223,,929,109,NULL,NULL
27,"2019-11-14 12:31:03","2019-11-14 12:31:03",NULL,"2019-11-14 12:31:03",1,1,0,1,0,,941,567,NULL,NULL
28,"2019-11-14 12:31:04","2019-11-14 12:31:04",NULL,"2019-11-14 12:31:04",1,0,0,1,202,,941,567,NULL,NULL
29,"2019-11-14 12:31:05","2019-11-14 12:31:05",NULL,"2019-11-14 12:31:05",1,0,0,1,204,,974,606,NULL,NULL
30,"2019-11-14 12:31:07","2019-11-14 12:31:07",NULL,"2019-11-14 12:31:06",1,0,0,1,428,,977,612,NULL,NULL
31,"2019-11-14 12:31:07","2019-11-14 12:31:07",NULL,"2019-11-14 12:31:07",1,0,0,1,1245,,974,589,NULL,NULL
32,"2019-11-14 12:31:08","2019-11-14 12:31:08",NULL,"2019-11-14 12:31:08",1,0,0,1,1367,,974,589,NULL,NULL
33,"2019-11-14 12:31:09","2019-11-14 12:31:09",NULL,"2019-11-14 12:31:09",1,0,0,1,397,,974,589,NULL,NULL
34,"2019-11-14 12:31:11","2019-11-14 12:31:11",NULL,"2019-11-14 12:31:10",1,0,0,1,417,,974,589,NULL,NULL
35,"2019-11-14 12:31:12","2019-11-14 12:31:12",NULL,"2019-11-14 12:31:11",1,0,0,1,417,,796,204,NULL,NULL
36,"2019-11-14 12:31:13","2019-11-14 12:31:13",NULL,"2019-11-14 12:31:12",1,0,0,1,417,,871,320,NULL,NULL
37,"2019-11-14 12:31:13","2019-11-14 12:31:13",NULL,"2019-11-14 12:31:13",1,1,0,1,417,,913,216,NULL,NULL
38,"2019-11-14 12:31:15","2019-11-14 12:31:15",NULL,"2019-11-14 12:31:14",1,0,0,1,417,,934,446,NULL,NULL
39,"2019-11-14 12:31:15","2019-11-14 12:31:15",NULL,"2019-11-14 12:31:15",1,0,0,1,595,,934,446,NULL,NULL
40,"2019-11-14 12:31:25","2019-11-14 12:31:25",NULL,"2019-11-14 12:31:24",1,0,0,1,595,,895,234,NULL,NULL
41,"2019-11-14 12:31:26","2019-11-14 12:31:26",NULL,"2019-11-14 12:31:25",1,1,0,1,595,,939,331,NULL,NULL
42,"2019-11-14 12:31:27","2019-11-14 12:31:27",NULL,"2019-11-14 12:31:26",1,0,0,1,1272,,1223,609,NULL,NULL
43,"2019-11-14 12:31:28","2019-11-14 12:31:28",NULL,"2019-11-14 12:31:28",1,0,0,1,1272,,1299,890,NULL,NULL
44,"2019-11-14 12:31:29","2019-11-14 12:31:29",NULL,"2019-11-14 12:31:29",1,1,0,1,1272,,1299,908,NULL,NULL
45,"2019-11-14 12:31:30","2019-11-14 12:31:30",NULL,"2019-11-14 12:31:30",1,0,0,1,1272,,1070,212,NULL,NULL
46,"2019-11-14 12:31:31","2019-11-14 12:31:31",NULL,"2019-11-14 12:31:31",1,1,0,1,117,,1243,299,NULL,NULL
47,"2019-11-14 12:31:32","2019-11-14 12:31:32",NULL,"2019-11-14 12:31:32",1,0,0,1,1030,,1243,299,NULL,NULL
48,"2019-11-14 12:31:33","2019-11-14 12:31:33",NULL,"2019-11-14 12:31:33",1,0,0,1,1367,,1276,445,NULL,NULL
49,"2019-11-14 12:31:34","2019-11-14 12:31:34",NULL,"2019-11-14 12:31:34",1,0,0,1,1367,,1238,476,NULL,NULL
50,"2019-11-14 12:31:35","2019-11-14 12:31:35",NULL,"2019-11-14 12:31:35",1,0,0,1,808,,1238,476,NULL,NULL
51,"2019-11-14 12:31:36","2019-11-14 12:31:36",NULL,"2019-11-14 12:31:36",1,0,0,1,1236,,1238,476,NULL,NULL
52,"2019-11-14 12:31:37","2019-11-14 12:31:37",NULL,"2019-11-14 12:31:37",1,0,0,1,1345,,1344,828,NULL,NULL
53,"2019-11-14 12:31:38","2019-11-14 12:31:38",NULL,"2019-11-14 12:31:38",1,1,0,1,1345,,1034,233,NULL,NULL
54,"2019-11-14 12:31:39","2019-11-14 12:31:39",NULL,"2019-11-14 12:31:39",1,1,0,1,0,,1013,206,NULL,NULL
55,"2019-11-14 12:31:42","2019-11-14 12:31:42",NULL,"2019-11-14 12:31:42",1,0,0,1,246,,1013,206,NULL,NULL
56,"2019-11-14 12:31:43","2019-11-14 12:31:43",NULL,"2019-11-14 12:31:43",1,0,0,1,588,,1013,206,NULL,NULL
57,"2019-11-14 12:31:52","2019-11-14 12:31:52",NULL,"2019-11-14 12:31:52",1,0,0,1,588,,1015,121,NULL,NULL
58,"2019-11-14 12:31:53","2019-11-14 12:31:53",NULL,"2019-11-14 12:31:53",1,1,0,1,588,,1021,508,NULL,NULL
59,"2019-11-14 12:31:54","2019-11-14 12:31:54",NULL,"2019-11-14 12:31:54",1,0,0,1,886,,1101,749,NULL,NULL
60,"2019-11-14 12:31:55","2019-11-14 12:31:55",NULL,"2019-11-14 12:31:55",1,0,0,1,1241,,1104,753,NULL,NULL
61,"2019-11-14 12:31:56","2019-11-14 12:31:56",NULL,"2019-11-14 12:31:56",1,0,0,1,1241,,1334,929,NULL,NULL
62,"2019-11-14 12:31:57","2019-11-14 12:31:57",NULL,"2019-11-14 12:31:57",1,0,0,1,1086,,1208,569,NULL,NULL
63,"2019-11-14 12:31:58","2019-11-14 12:31:58",NULL,"2019-11-14 12:31:58",1,1,0,1,1086,,1080,427,NULL,NULL
64,"2019-11-14 12:31:59","2019-11-14 12:31:59",NULL,"2019-11-14 12:31:59",1,1,0,1,1086,"oth turned out fools. Hippolyte is at least a quiet fool, but Anatole is an active one. That is the only difference between them.’ He said this smiling in a way more natural and anima",1079,513,NULL,NULL
65,"2019-11-14 12:32:00","2019-11-14 12:32:00",NULL,"2019-11-14 12:32:00",1,0,0,1,1086,"oth turned out fools. Hippolyte is at least a quiet fool, but Anatole is an active one. That is the only difference between them.’ He said this smiling in a way more natural and anima",979,202,NULL,NULL
66,"2019-11-14 12:32:01","2019-11-14 12:32:01",NULL,"2019-11-14 12:32:01",1,1,0,1,1367,,1036,536,NULL,NULL
67,"2019-11-14 12:32:03","2019-11-14 12:32:03",NULL,"2019-11-14 12:32:03",1,0,0,1,1367,,1089,744,NULL,NULL
68,"2019-11-14 12:32:04","2019-11-14 12:32:04",NULL,"2019-11-14 12:32:04",1,0,0,1,1367,,1332,816,NULL,NULL
69,"2019-11-14 12:32:05","2019-11-14 12:32:05",NULL,"2019-11-14 12:32:05",1,1,0,1,1367,,1268,788,NULL,NULL
70,"2019-11-14 12:32:06","2019-11-14 12:32:06",NULL,"2019-11-14 12:32:06",1,0,0,1,1367,,921,187,NULL,NULL
71,"2019-11-14 12:32:07","2019-11-14 12:32:07",NULL,"2019-11-14 12:32:07",1,1,0,1,0,,1045,528,NULL,NULL
72,"2019-11-14 12:32:08","2019-11-14 12:32:08",NULL,"2019-11-14 12:32:08",1,0,0,1,120,,1045,528,NULL,NULL
73,"2019-11-14 12:32:09","2019-11-14 12:32:09",NULL,"2019-11-14 12:32:09",1,0,0,1,983,,1305,802,NULL,NULL
74,"2019-11-14 12:32:10","2019-11-14 12:32:10",NULL,"2019-11-14 12:32:10",1,1,0,1,983,,1313,800,NULL,NULL
75,"2019-11-14 12:32:11","2019-11-14 12:32:11",NULL,"2019-11-14 12:32:11",1,0,0,1,983,,939,161,NULL,NULL
76,"2019-11-14 12:32:12","2019-11-14 12:32:12",NULL,"2019-11-14 12:32:12",1,1,0,1,0,,938,335,NULL,NULL
77,"2019-11-14 12:32:13","2019-11-14 12:32:13",NULL,"2019-11-14 12:32:13",1,0,0,1,0,,950,445,NULL,NULL
78,"2019-11-14 12:32:15","2019-11-14 12:32:15",NULL,"2019-11-14 12:32:15",1,0,0,1,0,,891,323,NULL,NULL
79,"2019-11-14 12:32:18","2019-11-14 12:32:18",NULL,"2019-11-14 12:32:18",1,0,0,1,0,,1181,123,NULL,NULL
80,"2019-11-14 12:33:00","2019-11-14 12:33:00",NULL,"2019-11-14 12:33:00",1,0,0,0,0,,1181,123,NULL,NULL
81,"2019-11-14 12:35:02","2019-11-14 12:35:02",NULL,"2019-11-14 12:35:02",1,0,0,0,0,,548,317,NULL,NULL
82,"2019-11-14 12:35:03","2019-11-14 12:35:03",NULL,"2019-11-14 12:35:03",1,1,0,1,60,,548,317,NULL,NULL
83,"2019-11-14 12:35:04","2019-11-14 12:35:04",NULL,"2019-11-14 12:35:04",1,0,0,1,329,,548,317,NULL,NULL
84,"2019-11-14 12:35:05","2019-11-14 12:35:05",NULL,"2019-11-14 12:35:05",1,0,0,1,682,,548,317,NULL,NULL
85,"2019-11-14 12:35:06","2019-11-14 12:35:06",NULL,"2019-11-14 12:35:06",1,0,0,0,682,,548,317,NULL,NULL
86,"2019-11-14 12:35:07","2019-11-14 12:35:07",NULL,"2019-11-14 12:35:07",1,0,0,0,682,,909,222,NULL,NULL
87,"2019-11-14 12:35:11","2019-11-14 12:35:11",NULL,"2019-11-14 12:35:11",1,0,0,0,682,,692,480,NULL,NULL
88,"2019-11-14 12:35:12","2019-11-14 12:35:12",NULL,"2019-11-14 12:35:12",1,0,0,0,682,,712,524,NULL,NULL
89,"2019-11-14 12:35:13","2019-11-14 12:35:13",NULL,"2019-11-14 12:35:13",1,0,0,1,682,,735,544,NULL,NULL
90,"2019-11-14 12:35:14","2019-11-14 12:35:14",NULL,"2019-11-14 12:35:14",1,1,0,1,1217,,1257,948,NULL,NULL
91,"2019-11-14 12:35:15","2019-11-14 12:35:15",NULL,"2019-11-14 12:35:15",1,1,0,1,1703,,1314,804,NULL,NULL
92,"2019-11-14 12:35:16","2019-11-14 12:35:16",NULL,"2019-11-14 12:35:16",1,1,0,1,0,,899,158,NULL,NULL
93,"2019-11-14 12:35:18","2019-11-14 12:35:18",NULL,"2019-11-14 12:35:18",1,0,0,1,151,,899,158,NULL,NULL
94,"2019-11-14 12:35:19","2019-11-14 12:35:19",NULL,"2019-11-14 12:35:19",1,0,0,1,168,,899,158,NULL,NULL
95,"2019-11-14 12:35:20","2019-11-14 12:35:20",NULL,"2019-11-14 12:35:20",1,0,0,1,185,,899,158,NULL,NULL
96,"2019-11-14 12:35:21","2019-11-14 12:35:21",NULL,"2019-11-14 12:35:21",1,0,0,1,196,,899,158,NULL,NULL
97,"2019-11-14 12:35:22","2019-11-14 12:35:22",NULL,"2019-11-14 12:35:22",1,0,0,1,200,,948,145,NULL,NULL
98,"2019-11-14 12:35:23","2019-11-14 12:35:23",NULL,"2019-11-14 12:35:23",1,0,0,1,200,,574,219,NULL,NULL
99,"2019-11-14 12:35:24","2019-11-14 12:35:24",NULL,"2019-11-14 12:35:24",1,0,0,1,200,,878,168,NULL,NULL
100,"2019-11-14 12:35:25","2019-11-14 12:35:25",NULL,"2019-11-14 12:35:25",1,0,0,1,200,,546,262,NULL,NULL
101,"2019-11-14 12:35:26","2019-11-14 12:35:26",NULL,"2019-11-14 12:35:26",1,0,0,1,200,,1067,262,NULL,NULL
102,"2019-11-14 12:35:27","2019-11-14 12:35:27",NULL,"2019-11-14 12:35:27",1,0,0,1,200,,1090,318,NULL,NULL
103,"2019-11-14 12:35:28","2019-11-14 12:35:28",NULL,"2019-11-14 12:35:28",1,0,0,1,200,,1036,366,NULL,NULL
104,"2019-11-14 12:35:29","2019-11-14 12:35:29",NULL,"2019-11-14 12:35:29",1,0,0,1,542,,1036,366,NULL,NULL
105,"2019-11-14 12:35:30","2019-11-14 12:35:30",NULL,"2019-11-14 12:35:30",1,0,0,1,841,,1036,366,NULL,NULL
106,"2019-11-14 12:35:31","2019-11-14 12:35:31",NULL,"2019-11-14 12:35:31",1,0,0,0,1008,,1036,366,NULL,NULL
107,"2019-11-14 12:35:42","2019-11-14 12:35:42",NULL,"2019-11-14 12:35:42",1,1,0,1,1008,,799,774,NULL,NULL
108,"2019-11-14 12:35:43","2019-11-14 12:35:43",NULL,"2019-11-14 12:35:43",1,0,0,1,1223,,1244,819,NULL,NULL
109,"2019-11-14 12:35:44","2019-11-14 12:35:44",NULL,"2019-11-14 12:35:44",1,1,0,1,1223,,1206,622,NULL,NULL
110,"2019-11-14 12:35:45","2019-11-14 12:35:45",NULL,"2019-11-14 12:35:45",1,1,0,1,0,,886,203,NULL,NULL
111,"2019-11-14 12:35:47","2019-11-14 12:35:47",NULL,"2019-11-14 12:35:47",1,0,0,1,234,,1266,278,NULL,NULL
112,"2019-11-14 12:35:48","2019-11-14 12:35:48",NULL,"2019-11-14 12:35:48",1,0,0,1,630,,1406,388,NULL,NULL
113,"2019-11-14 12:35:49","2019-11-14 12:35:49",NULL,"2019-11-14 12:35:49",1,0,0,1,1655,,1358,555,NULL,NULL
114,"2019-11-14 12:35:50","2019-11-14 12:35:50",NULL,"2019-11-14 12:35:50",1,0,0,1,1655,,1321,816,NULL,NULL
115,"2019-11-14 12:35:52","2019-11-14 12:35:52",NULL,"2019-11-14 12:35:52",1,0,0,1,896,,1321,816,NULL,NULL
116,"2019-11-14 12:35:53","2019-11-14 12:35:53",NULL,"2019-11-14 12:35:53",1,0,0,1,584,,944,488,NULL,NULL
117,"2019-11-14 12:35:55","2019-11-14 12:35:55",NULL,"2019-11-14 12:35:55",1,0,0,1,584,,940,296,NULL,NULL
118,"2019-11-14 12:35:56","2019-11-14 12:35:56",NULL,"2019-11-14 12:35:56",1,1,0,1,584,,940,296,NULL,NULL
119,"2019-11-14 12:35:57","2019-11-14 12:35:57",NULL,"2019-11-14 12:35:57",1,0,0,1,584,,884,410,NULL,NULL
120,"2019-11-14 12:35:59","2019-11-14 12:35:59",NULL,"2019-11-14 12:35:59",1,0,0,1,584,,863,288,NULL,NULL
121,"2019-11-14 12:36:00","2019-11-14 12:36:00",NULL,"2019-11-14 12:36:00",1,0,0,1,584,,885,256,NULL,NULL
122,"2019-11-14 12:36:01","2019-11-14 12:36:01",NULL,"2019-11-14 12:36:01",1,0,0,1,584,,880,282,NULL,NULL
123,"2019-11-14 12:36:02","2019-11-14 12:36:02",NULL,"2019-11-14 12:36:02",1,1,0,1,584,,799,323,NULL,NULL
124,"2019-11-14 12:36:03","2019-11-14 12:36:03",NULL,"2019-11-14 12:36:03",1,0,0,1,584,,965,412,NULL,NULL
125,"2019-11-14 12:36:04","2019-11-14 12:36:04",NULL,"2019-11-14 12:36:04",1,0,0,1,1655,,965,412,NULL,NULL
126,"2019-11-14 12:36:05","2019-11-14 12:36:05",NULL,"2019-11-14 12:36:05",1,0,0,1,1655,,1208,635,NULL,NULL
127,"2019-11-14 12:36:06","2019-11-14 12:36:06",NULL,"2019-11-14 12:36:06",1,0,0,1,1655,,681,235,NULL,NULL
128,"2019-11-14 12:36:07","2019-11-14 12:36:07",NULL,"2019-11-14 12:36:07",1,0,0,1,1655,,1011,271,NULL,NULL
129,"2019-11-14 12:36:08","2019-11-14 12:36:08",NULL,"2019-11-14 12:36:08",1,0,0,1,1655,,812,280,NULL,NULL
130,"2019-11-14 12:36:13","2019-11-14 12:36:13",NULL,"2019-11-14 12:36:13",1,0,0,1,1655,,906,136,NULL,NULL
131,"2019-11-14 12:36:14","2019-11-14 12:36:14",NULL,"2019-11-14 12:36:14",1,1,0,1,1655,,1146,597,NULL,NULL
132,"2019-11-14 12:36:15","2019-11-14 12:36:15",NULL,"2019-11-14 12:36:15",1,1,0,1,1655,,1318,816,NULL,NULL
133,"2019-11-14 12:36:16","2019-11-14 12:36:16",NULL,"2019-11-14 12:36:16",1,0,0,1,1655,,1030,144,NULL,NULL
134,"2019-11-14 12:57:01","2019-11-14 12:57:01",NULL,"2019-11-14 12:57:00",2,0,0,0,300,,920,281,NULL,NULL
135,"2019-11-14 12:57:02","2019-11-14 12:57:02",NULL,"2019-11-14 12:57:01",2,0,0,0,1600,,918,285,NULL,NULL
136,"2019-11-14 12:57:03","2019-11-14 12:57:03",NULL,"2019-11-14 12:57:02",2,0,0,0,0,,1327,314,NULL,NULL
137,"2019-11-14 12:57:04","2019-11-14 12:57:04",NULL,"2019-11-14 12:57:03",2,0,0,1,0,,1131,311,NULL,NULL
138,"2019-11-14 12:57:05","2019-11-14 12:57:05",NULL,"2019-11-14 12:57:04",2,0,0,1,1700,,1081,322,NULL,NULL
139,"2019-11-14 12:57:06","2019-11-14 12:57:06",NULL,"2019-11-14 12:57:05",2,0,0,1,1936,,911,336,NULL,NULL
140,"2019-11-14 12:57:07","2019-11-14 12:57:07",NULL,"2019-11-14 12:57:06",2,0,0,1,336,,802,362,NULL,NULL
141,"2019-11-14 12:57:08","2019-11-14 12:57:08",NULL,"2019-11-14 12:57:07",2,0,0,1,0,,534,364,NULL,NULL
142,"2019-11-14 12:57:09","2019-11-14 12:57:09",NULL,"2019-11-14 12:57:08",2,0,0,0,0,,0,303,NULL,NULL
143,"2019-11-14 12:57:16","2019-11-14 12:57:16",NULL,"2019-11-14 12:57:15",2,0,0,0,0,,345,330,NULL,NULL
144,"2019-11-14 12:57:17","2019-11-14 12:57:17",NULL,"2019-11-14 12:57:16",2,0,0,0,0,,213,178,NULL,NULL
145,"2019-11-14 12:57:20","2019-11-14 12:57:20",NULL,"2019-11-14 12:57:20",2,0,0,1,0,,213,178,NULL,NULL
146,"2019-11-14 12:57:21","2019-11-14 12:57:21",NULL,"2019-11-14 12:57:21",2,1,0,1,0,,312,123,NULL,NULL
147,"2019-11-14 12:57:23","2019-11-14 12:57:23",NULL,"2019-11-14 12:57:23",2,0,0,0,0,,370,136,NULL,NULL
148,"2019-11-14 12:57:24","2019-11-14 12:57:24",NULL,"2019-11-14 12:57:24",2,1,0,0,0,,240,104,NULL,NULL
149,"2019-11-14 12:57:28","2019-11-14 12:57:28",NULL,"2019-11-14 12:57:28",2,0,0,0,500,,455,332,NULL,NULL
150,"2019-11-14 12:57:29","2019-11-14 12:57:29",NULL,"2019-11-14 12:57:29",2,0,0,0,1936,,824,387,NULL,NULL
151,"2019-11-14 12:57:30","2019-11-14 12:57:30",NULL,"2019-11-14 12:57:30",2,1,0,0,1936,"even irony could be discerned. ‘Can one be well while suffering morally? Can one be calm in times like",643,362,NULL,NULL
152,"2019-11-14 12:57:31","2019-11-14 12:57:31",NULL,"2019-11-14 12:57:31",2,1,0,0,1936,,1064,602,NULL,NULL
153,"2019-11-14 12:57:32","2019-11-14 12:57:32",NULL,"2019-11-14 12:57:32",2,0,0,0,1936,,992,597,NULL,NULL
154,"2019-11-14 12:57:33","2019-11-14 12:57:33",NULL,"2019-11-14 12:57:33",2,1,0,0,1936,,808,556,NULL,NULL
155,"2019-11-14 12:57:34","2019-11-14 12:57:34",NULL,"2019-11-14 12:57:34",2,0,0,0,436,,700,399,NULL,NULL
156,"2019-11-14 12:57:35","2019-11-14 12:57:35",NULL,"2019-11-14 12:57:35",2,0,0,0,0,,381,160,NULL,NULL
157,"2019-11-14 12:57:43","2019-11-14 12:57:43",NULL,"2019-11-14 12:57:43",2,1,0,1,0,,551,166,NULL,NULL
158,"2019-11-14 12:57:44","2019-11-14 12:57:44",NULL,"2019-11-14 12:57:44",2,0,0,1,0,,490,125,NULL,NULL
159,"2019-11-14 12:57:45","2019-11-14 12:57:45",NULL,"2019-11-14 12:57:45",2,0,0,0,0,,490,125,NULL,NULL
160,"2019-11-14 12:57:46","2019-11-14 12:57:46",NULL,"2019-11-14 12:57:46",2,0,0,1,0,,600,166,NULL,NULL
161,"2019-11-14 12:57:48","2019-11-14 12:57:48",NULL,"2019-11-14 12:57:48",2,0,0,0,0,,600,166,NULL,NULL
162,"2019-11-14 12:57:49","2019-11-14 12:57:49",NULL,"2019-11-14 12:57:49",2,0,0,1,0,,600,166,NULL,NULL
163,"2019-11-14 12:57:51","2019-11-14 12:57:51",NULL,"2019-11-14 12:57:50",2,0,0,0,0,,600,166,NULL,NULL
164,"2019-11-14 12:57:52","2019-11-14 12:57:52",NULL,"2019-11-14 12:57:51",2,0,0,1,0,,1100,99,NULL,NULL
165,"2019-11-14 12:57:53","2019-11-14 12:57:53",NULL,"2019-11-14 12:57:52",2,1,0,1,0,,940,202,NULL,NULL
166,"2019-11-14 12:57:54","2019-11-14 12:57:54",NULL,"2019-11-14 12:57:53",2,0,0,1,0,,680,186,NULL,NULL
167,"2019-11-14 12:57:55","2019-11-14 12:57:55",NULL,"2019-11-14 12:57:54",2,1,0,1,0,,644,486,NULL,NULL
168,"2019-11-14 12:57:56","2019-11-14 12:57:56",NULL,"2019-11-14 12:57:55",2,0,0,1,2128,,732,418,NULL,NULL
169,"2019-11-14 12:57:57","2019-11-14 12:57:57",NULL,"2019-11-14 12:57:56",2,1,0,1,2128,,1044,623,NULL,NULL
170,"2019-11-14 12:57:58","2019-11-14 12:57:58",NULL,"2019-11-14 12:57:57",2,0,0,1,2128,,624,167,NULL,NULL
171,"2019-11-14 12:58:00","2019-11-14 12:58:00",NULL,"2019-11-14 12:57:59",2,1,0,1,600,,818,374,NULL,NULL
172,"2019-11-14 12:58:01","2019-11-14 12:58:01",NULL,"2019-11-14 12:58:00",2,0,0,1,2128,,1024,613,NULL,NULL
173,"2019-11-14 12:58:02","2019-11-14 12:58:02",NULL,"2019-11-14 12:58:01",2,1,0,1,2128,,566,64,NULL,NULL
174,"2019-11-14 12:58:03","2019-11-14 12:58:03",NULL,"2019-11-14 12:58:02",2,1,0,1,0,,581,175,NULL,NULL
175,"2019-11-14 12:58:04","2019-11-14 12:58:04",NULL,"2019-11-14 12:58:03",2,1,0,1,0,,578,160,NULL,NULL
176,"2019-11-14 12:58:05","2019-11-14 12:58:05",NULL,"2019-11-14 12:58:04",2,0,0,1,700,,664,250,NULL,NULL
177,"2019-11-14 12:58:06","2019-11-14 12:58:06",NULL,"2019-11-14 12:58:05",2,0,0,1,2176,,1083,612,NULL,NULL
178,"2019-11-14 12:58:07","2019-11-14 12:58:07",NULL,"2019-11-14 12:58:06",2,1,0,1,2176,,687,190,NULL,NULL
179,"2019-11-14 12:58:08","2019-11-14 12:58:08",NULL,"2019-11-14 12:58:07",2,1,0,1,2176,,1043,698,NULL,NULL
180,"2019-11-14 12:58:09","2019-11-14 12:58:09",NULL,"2019-11-14 12:58:08",2,1,0,1,2176,,1073,599,NULL,NULL
181,"2019-11-14 12:58:10","2019-11-14 12:58:10",NULL,"2019-11-14 12:58:09",2,1,1,1,2176,,893,330,NULL,NULL
182,"2019-11-14 12:58:11","2019-11-14 12:58:11",NULL,"2019-11-14 12:58:10",2,0,0,0,2176,,977,673,NULL,NULL
183,"2019-11-14 12:58:12","2019-11-14 12:58:12",NULL,"2019-11-14 12:58:11",2,0,0,0,2176,,624,421,NULL,NULL
184,"2019-11-14 12:58:14","2019-11-14 12:58:14",NULL,"2019-11-14 12:58:13",2,0,0,0,2176,,649,249,NULL,NULL
185,"2019-11-14 12:58:15","2019-11-14 12:58:15",NULL,"2019-11-14 12:58:14",2,0,0,1,2176,,1149,401,NULL,NULL
186,"2019-11-14 12:58:16","2019-11-14 12:58:16",NULL,"2019-11-14 12:58:15",2,1,0,1,2176,,613,252,NULL,NULL
187,"2019-11-14 12:58:17","2019-11-14 12:58:17",NULL,"2019-11-14 12:58:16",2,1,0,1,2176,,1112,275,NULL,NULL
188,"2019-11-14 12:58:18","2019-11-14 12:58:18",NULL,"2019-11-14 12:58:17",2,0,0,1,2176,,1153,266,NULL,NULL
189,"2019-11-14 12:58:20","2019-11-14 12:58:20",NULL,"2019-11-14 12:58:19",2,0,0,1,2176,,568,622,NULL,NULL
190,"2019-11-14 12:58:21","2019-11-14 12:58:21",NULL,"2019-11-14 12:58:20",2,0,0,1,2176,,312,762,NULL,NULL
191,"2019-11-14 12:58:22","2019-11-14 12:58:22",NULL,"2019-11-14 12:58:21",2,0,0,0,2176,,312,762,NULL,NULL
192,"2019-11-14 12:58:23","2019-11-14 12:58:23",NULL,"2019-11-14 12:58:22",2,0,0,0,2176,,612,458,NULL,NULL
193,"2019-11-14 12:58:26","2019-11-14 12:58:26",NULL,"2019-11-14 12:58:25",2,0,0,0,2176,,778,46,NULL,NULL
194,"2019-11-14 12:58:27","2019-11-14 12:58:27",NULL,"2019-11-14 12:58:26",2,0,0,0,2176,,957,69,NULL,NULL
195,"2019-11-14 12:58:28","2019-11-14 12:58:28",NULL,"2019-11-14 12:58:27",2,1,1,1,2176,,959,69,NULL,NULL
196,"2019-11-14 12:58:30","2019-11-14 12:58:30",NULL,"2019-11-14 12:58:29",2,0,0,0,2176,,667,342,NULL,NULL
197,"2019-11-14 12:58:31","2019-11-14 12:58:31",NULL,"2019-11-14 12:58:30",2,0,0,0,2176,,593,424,NULL,NULL
198,"2019-11-14 12:58:39","2019-11-14 12:58:39",NULL,"2019-11-14 12:58:38",2,0,0,0,2176,,608,266,NULL,NULL
199,"2019-11-14 12:58:40","2019-11-14 12:58:40",NULL,"2019-11-14 12:58:39",2,0,0,0,2176,,1495,420,NULL,NULL
200,"2019-11-14 12:58:41","2019-11-14 12:58:41",NULL,"2019-11-14 12:58:40",2,0,0,1,2176,,604,194,NULL,NULL
201,"2019-11-14 12:58:42","2019-11-14 12:58:42",NULL,"2019-11-14 12:58:41",2,1,0,1,2176,,594,233,NULL,NULL
202,"2019-11-14 12:58:43","2019-11-14 12:58:43",NULL,"2019-11-14 12:58:42",2,1,0,1,2176,,588,282,NULL,NULL
203,"2019-11-14 12:58:44","2019-11-14 12:58:44",NULL,"2019-11-14 12:58:43",2,0,0,1,2176,,588,278,NULL,NULL
204,"2019-11-14 12:58:46","2019-11-14 12:58:46",NULL,"2019-11-14 12:58:45",2,0,0,1,2176,,1060,346,NULL,NULL
205,"2019-11-14 12:58:48","2019-11-14 12:58:48",NULL,"2019-11-14 12:58:47",2,1,1,1,2176,,889,263,NULL,NULL
206,"2019-11-14 12:58:49","2019-11-14 12:58:49",NULL,"2019-11-14 12:58:48",2,0,0,0,2176,,1020,594,NULL,NULL
207,"2019-11-14 12:59:02","2019-11-14 12:59:02",NULL,"2019-11-14 12:59:01",2,0,0,0,2176,,720,294,NULL,NULL
208,"2019-11-14 12:59:03","2019-11-14 12:59:03",NULL,"2019-11-14 12:59:02",2,1,1,1,2176,,784,289,NULL,NULL
209,"2019-11-14 12:59:05","2019-11-14 12:59:05",NULL,"2019-11-14 12:59:04",2,0,0,0,2176,,784,289,NULL,NULL
210,"2019-11-14 12:59:44","2019-11-14 12:59:44",NULL,"2019-11-14 12:59:43",2,0,0,0,2176,,220,363,NULL,NULL
211,"2019-11-14 12:59:45","2019-11-14 12:59:45",NULL,"2019-11-14 12:59:44",2,0,0,0,2176,,503,417,NULL,NULL
212,"2019-11-14 12:59:48","2019-11-14 12:59:48",NULL,"2019-11-14 12:59:47",2,0,0,0,2176,,468,420,NULL,NULL
213,"2019-11-14 12:59:56","2019-11-14 12:59:56",NULL,"2019-11-14 12:59:55",2,0,0,0,2176,,584,314,NULL,NULL
214,"2019-11-14 12:59:57","2019-11-14 12:59:57",NULL,"2019-11-14 12:59:56",2,0,0,0,2176,,1448,426,NULL,NULL
215,"2019-11-14 12:59:58","2019-11-14 12:59:58",NULL,"2019-11-14 12:59:57",2,0,0,0,2176,,572,423,NULL,NULL
216,"2019-11-14 13:00:05","2019-11-14 13:00:05",NULL,"2019-11-14 13:00:04",2,0,0,0,0,,572,423,NULL,NULL
217,"2019-11-14 13:00:06","2019-11-14 13:00:06",NULL,"2019-11-14 13:00:05",2,0,0,0,0,,576,310,NULL,NULL
218,"2019-11-14 13:00:07","2019-11-14 13:00:07",NULL,"2019-11-14 13:00:06",2,0,0,0,0,,468,417,NULL,NULL
219,"2019-11-14 13:00:08","2019-11-14 13:00:08",NULL,"2019-11-14 13:00:07",2,0,0,0,0,,628,229,NULL,NULL
220,"2019-11-14 13:00:09","2019-11-14 13:00:09",NULL,"2019-11-14 13:00:08",2,0,0,0,0,,1068,410,NULL,NULL
221,"2019-11-14 13:00:10","2019-11-14 13:00:10",NULL,"2019-11-14 13:00:09",2,0,0,1,0,,653,204,NULL,NULL
222,"2019-11-14 13:00:11","2019-11-14 13:00:11",NULL,"2019-11-14 13:00:10",2,1,0,1,0,,644,245,NULL,NULL
223,"2019-11-14 13:00:17","2019-11-14 13:00:17",NULL,"2019-11-14 13:00:16",2,0,0,0,0,,644,245,NULL,NULL
224,"2019-11-14 13:00:21","2019-11-14 13:00:21",NULL,"2019-11-14 13:00:20",2,0,0,0,0,,1440,382,NULL,NULL
225,"2019-11-14 13:00:22","2019-11-14 13:00:22",NULL,"2019-11-14 13:00:21",2,0,0,1,0,,814,596,NULL,NULL
226,"2019-11-14 13:00:23","2019-11-14 13:00:23",NULL,"2019-11-14 13:00:22",2,0,0,1,2176,,744,498,NULL,NULL
227,"2019-11-14 13:00:24","2019-11-14 13:00:24",NULL,"2019-11-14 13:00:23",2,1,0,1,2176,,1041,642,NULL,NULL
228,"2019-11-14 13:00:25","2019-11-14 13:00:25",NULL,"2019-11-14 13:00:24",2,1,0,1,0,,645,170,NULL,NULL
229,"2019-11-14 13:00:26","2019-11-14 13:00:26",NULL,"2019-11-14 13:00:25",2,0,0,1,1500,,799,431,NULL,NULL
230,"2019-11-14 13:00:27","2019-11-14 13:00:27",NULL,"2019-11-14 13:00:26",2,1,0,1,1648,,1059,634,NULL,NULL
231,"2019-11-14 13:00:28","2019-11-14 13:00:28",NULL,"2019-11-14 13:00:27",2,0,0,1,1648,,664,193,NULL,NULL
232,"2019-11-14 13:00:29","2019-11-14 13:00:29",NULL,"2019-11-14 13:00:28",2,0,0,1,1648,,657,250,NULL,NULL
233,"2019-11-14 13:00:30","2019-11-14 13:00:30",NULL,"2019-11-14 13:00:29",2,0,0,1,1648,,735,198,NULL,NULL
234,"2019-11-14 13:00:31","2019-11-14 13:00:31",NULL,"2019-11-14 13:00:30",2,0,0,1,1648,,720,147,NULL,NULL
235,"2019-11-14 13:00:32","2019-11-14 13:00:32",NULL,"2019-11-14 13:00:31",2,0,0,1,1648,,709,62,NULL,NULL
236,"2019-11-14 13:00:33","2019-11-14 13:00:33",NULL,"2019-11-14 13:00:32",2,0,0,1,1648,,712,166,NULL,NULL
237,"2019-11-14 13:00:34","2019-11-14 13:00:34",NULL,"2019-11-14 13:00:33",2,1,1,1,1648,,777,101,NULL,NULL
238,"2019-11-14 13:00:35","2019-11-14 13:00:35",NULL,"2019-11-14 13:00:34",2,0,0,1,1648,,886,453,NULL,NULL
239,"2019-11-14 13:00:36","2019-11-14 13:00:36",NULL,"2019-11-14 13:00:35",2,0,0,0,1648,,883,455,NULL,NULL
240,"2019-11-14 13:00:39","2019-11-14 13:00:39",NULL,"2019-11-14 13:00:38",2,0,0,0,1648,,613,174,NULL,NULL
241,"2019-11-14 13:00:40","2019-11-14 13:00:40",NULL,"2019-11-14 13:00:39",2,0,0,0,1648,,607,211,NULL,NULL
242,"2019-11-14 13:00:41","2019-11-14 13:00:41",NULL,"2019-11-14 13:00:40",2,1,0,1,1648,,530,410,NULL,NULL
243,"2019-11-14 13:00:42","2019-11-14 13:00:42",NULL,"2019-11-14 13:00:41",2,0,0,0,1648,,530,410,NULL,NULL
244,"2019-11-14 13:00:43","2019-11-14 13:00:43",NULL,"2019-11-14 13:00:42",2,0,0,0,1648,,602,387,NULL,NULL
245,"2019-11-14 13:00:44","2019-11-14 13:00:44",NULL,"2019-11-14 13:00:43",2,0,0,0,1648,,592,162,NULL,NULL
246,"2019-11-14 13:00:45","2019-11-14 13:00:45",NULL,"2019-11-14 13:00:44",2,1,0,1,0,,596,190,NULL,NULL
247,"2019-11-14 13:00:46","2019-11-14 13:00:46",NULL,"2019-11-14 13:00:45",2,0,0,1,0,,611,274,NULL,NULL
248,"2019-11-14 13:00:47","2019-11-14 13:00:47",NULL,"2019-11-14 13:00:47",2,0,0,1,0,,603,290,NULL,NULL
249,"2019-11-14 13:00:48","2019-11-14 13:00:48",NULL,"2019-11-14 13:00:48",2,0,0,1,0,,594,303,NULL,NULL
250,"2019-11-14 13:00:49","2019-11-14 13:00:49",NULL,"2019-11-14 13:00:49",2,1,0,1,0,,644,316,NULL,NULL
251,"2019-11-14 13:00:50","2019-11-14 13:00:50",NULL,"2019-11-14 13:00:50",2,0,0,1,0,,1471,422,NULL,NULL
252,"2019-11-14 13:00:51","2019-11-14 13:00:51",NULL,"2019-11-14 13:00:51",2,0,0,1,700,,1128,415,NULL,NULL
253,"2019-11-14 13:00:52","2019-11-14 13:00:52",NULL,"2019-11-14 13:00:52",2,0,0,1,2512,,1010,432,NULL,NULL
254,"2019-11-14 13:00:53","2019-11-14 13:00:53",NULL,"2019-11-14 13:00:53",2,1,0,1,2512,,1044,643,NULL,NULL
255,"2019-11-14 13:00:54","2019-11-14 13:00:54",NULL,"2019-11-14 13:00:54",2,0,0,1,2512,,627,166,NULL,NULL
256,"2019-11-14 13:00:55","2019-11-14 13:00:55",NULL,"2019-11-14 13:00:55",2,1,0,1,1400,,875,570,NULL,NULL
257,"2019-11-14 13:00:56","2019-11-14 13:00:56",NULL,"2019-11-14 13:00:56",2,1,0,1,1888,,1058,630,NULL,NULL
258,"2019-11-14 13:00:57","2019-11-14 13:00:57",NULL,"2019-11-14 13:00:57",2,1,0,1,0,,797,382,NULL,NULL
259,"2019-11-14 13:00:58","2019-11-14 13:00:58",NULL,"2019-11-14 13:00:58",2,0,0,1,1200,,1024,688,NULL,NULL
260,"2019-11-14 13:00:59","2019-11-14 13:00:59",NULL,"2019-11-14 13:00:59",2,0,0,1,2512,,1025,634,NULL,NULL
261,"2019-11-14 13:01:00","2019-11-14 13:01:00",NULL,"2019-11-14 13:01:00",2,1,0,1,2512,,712,187,NULL,NULL
262,"2019-11-14 13:09:40","2019-11-14 13:09:40",NULL,"2019-11-14 13:09:39",3,0,0,0,0,,779,426,NULL,NULL
263,"2019-11-14 13:09:41","2019-11-14 13:09:41",NULL,"2019-11-14 13:09:40",3,0,0,0,0,,826,417,NULL,NULL
264,"2019-11-14 13:09:42","2019-11-14 13:09:42",NULL,"2019-11-14 13:09:41",3,0,0,0,0,,1453,409,NULL,NULL
265,"2019-11-14 13:09:43","2019-11-14 13:09:43",NULL,"2019-11-14 13:09:42",3,0,0,1,600,,1272,406,NULL,NULL
266,"2019-11-14 13:09:44","2019-11-14 13:09:44",NULL,"2019-11-14 13:09:43",3,0,0,1,1936,,1241,416,NULL,NULL
267,"2019-11-14 13:09:45","2019-11-14 13:09:45",NULL,"2019-11-14 13:09:44",3,0,0,1,1936,,1046,641,NULL,NULL
268,"2019-11-14 13:09:47","2019-11-14 13:09:47",NULL,"2019-11-14 13:09:46",3,0,0,1,1936,,917,559,NULL,NULL
269,"2019-11-14 13:09:48","2019-11-14 13:09:48",NULL,"2019-11-14 13:09:47",3,1,1,1,1936,,773,494,NULL,NULL
270,"2019-11-14 13:09:49","2019-11-14 13:09:49",NULL,"2019-11-14 13:09:48",3,0,0,0,1936,,853,561,NULL,NULL
271,"2019-11-14 13:10:08","2019-11-14 13:10:08",NULL,"2019-11-14 13:10:07",3,0,0,0,1936,,165,321,NULL,NULL
272,"2019-11-14 13:10:09","2019-11-14 13:10:09",NULL,"2019-11-14 13:10:08",3,1,0,1,1936,,1298,426,NULL,NULL
273,"2019-11-14 13:10:10","2019-11-14 13:10:10",NULL,"2019-11-14 13:10:09",3,0,0,1,1936,,1460,413,NULL,NULL
274,"2019-11-14 13:10:11","2019-11-14 13:10:11",NULL,"2019-11-14 13:10:10",3,0,0,1,1936,,1385,377,NULL,NULL
275,"2019-11-14 13:10:13","2019-11-14 13:10:13",NULL,"2019-11-14 13:10:12",3,0,0,0,1336,,1125,435,NULL,NULL
276,"2019-11-14 13:10:14","2019-11-14 13:10:14",NULL,"2019-11-14 13:10:14",3,0,0,0,636,,1115,438,NULL,NULL
277,"2019-11-14 13:10:15","2019-11-14 13:10:15",NULL,"2019-11-14 13:10:15",3,1,0,0,0,,331,353,NULL,NULL
278,"2019-11-14 13:10:16","2019-11-14 13:10:16",NULL,"2019-11-14 13:10:16",3,0,1,0,0,,441,688,NULL,NULL
279,"2019-11-14 13:10:17","2019-11-14 13:10:17",NULL,"2019-11-14 13:10:17",3,0,0,0,0,,440,685,NULL,NULL
280,"2019-11-14 13:10:19","2019-11-14 13:10:19",NULL,"2019-11-14 13:10:19",3,1,0,1,0,,1465,423,NULL,NULL
281,"2019-11-14 13:10:22","2019-11-14 13:10:22",NULL,"2019-11-14 13:10:22",3,0,0,1,1500,,796,420,NULL,NULL
282,"2019-11-14 13:10:23","2019-11-14 13:10:23",NULL,"2019-11-14 13:10:23",3,0,0,0,1500,,796,420,NULL,NULL
283,"2019-11-14 13:10:24","2019-11-14 13:10:24",NULL,"2019-11-14 13:10:24",3,0,0,0,1500,,1366,168,NULL,NULL
284,"2019-11-14 13:10:25","2019-11-14 13:10:25",NULL,"2019-11-14 13:10:25",3,0,0,0,2000,,1314,194,NULL,NULL
285,"2019-11-14 13:10:42","2019-11-14 13:10:42",NULL,"2019-11-14 13:10:42",3,0,0,1,1936,,623,0,NULL,NULL
286,"2019-11-14 13:10:43","2019-11-14 13:10:43",NULL,"2019-11-14 13:10:43",3,0,0,0,1936,,623,0,NULL,NULL
287,"2019-11-14 13:10:53","2019-11-14 13:10:53",NULL,"2019-11-14 13:10:53",3,0,0,1,1936,,623,0,NULL,NULL
288,"2019-11-14 13:10:54","2019-11-14 13:10:54",NULL,"2019-11-14 13:10:54",3,0,0,0,1936,,623,0,NULL,NULL
289,"2019-11-14 13:11:11","2019-11-14 13:11:11",NULL,"2019-11-14 13:11:11",3,1,0,1,0,,555,114,NULL,NULL
290,"2019-11-14 13:11:12","2019-11-14 13:11:12",NULL,"2019-11-14 13:11:12",3,0,0,1,0,,478,32,NULL,NULL
291,"2019-11-14 13:11:13","2019-11-14 13:11:13",NULL,"2019-11-14 13:11:13",3,0,0,1,0,,461,0,NULL,NULL
292,"2019-11-14 13:11:14","2019-11-14 13:11:14",NULL,"2019-11-14 13:11:14",3,0,0,1,0,,634,158,NULL,NULL
293,"2019-11-14 13:11:15","2019-11-14 13:11:15",NULL,"2019-11-14 13:11:15",3,0,0,1,0,,427,2,NULL,NULL
294,"2019-11-14 13:11:16","2019-11-14 13:11:16",NULL,"2019-11-14 13:11:16",3,0,0,1,0,,458,2,NULL,NULL
295,"2019-11-14 13:11:17","2019-11-14 13:11:17",NULL,"2019-11-14 13:11:17",3,0,0,0,0,,436,5,NULL,NULL
296,"2019-11-14 13:11:18","2019-11-14 13:11:18",NULL,"2019-11-14 13:11:18",3,0,0,1,0,,436,5,NULL,NULL
297,"2019-11-14 13:11:24","2019-11-14 13:11:24",NULL,"2019-11-14 13:11:24",3,0,0,0,0,,436,5,NULL,NULL
298,"2019-11-14 13:11:28","2019-11-14 13:11:28",NULL,"2019-11-14 13:11:28",3,0,0,1,0,,436,5,NULL,NULL
299,"2019-11-14 13:11:29","2019-11-14 13:11:29",NULL,"2019-11-14 13:11:29",3,0,0,1,0,,613,240,NULL,NULL
300,"2019-11-14 13:11:30","2019-11-14 13:11:30",NULL,"2019-11-14 13:11:30",3,1,0,1,0,,597,134,NULL,NULL
301,"2019-11-14 13:11:31","2019-11-14 13:11:31",NULL,"2019-11-14 13:11:31",3,1,0,1,0,,602,203,NULL,NULL
302,"2019-11-14 13:11:32","2019-11-14 13:11:32",NULL,"2019-11-14 13:11:32",3,0,0,0,0,,572,129,NULL,NULL
303,"2019-11-14 13:11:33","2019-11-14 13:11:33",NULL,"2019-11-14 13:11:33",3,1,0,1,0,,568,99,NULL,NULL
304,"2019-11-14 13:11:34","2019-11-14 13:11:34",NULL,"2019-11-14 13:11:34",3,0,0,1,0,,584,195,NULL,NULL
305,"2019-11-14 13:11:35","2019-11-14 13:11:35",NULL,"2019-11-14 13:11:35",3,1,0,0,0,,522,101,NULL,NULL
306,"2019-11-14 13:11:36","2019-11-14 13:11:36",NULL,"2019-11-14 13:11:36",3,0,0,1,0,,522,101,NULL,NULL
307,"2019-11-14 13:11:37","2019-11-14 13:11:37",NULL,"2019-11-14 13:11:37",3,0,0,1,0,,487,2,NULL,NULL
308,"2019-11-14 13:11:38","2019-11-14 13:11:38",NULL,"2019-11-14 13:11:38",3,0,0,0,0,,487,2,NULL,NULL
309,"2019-11-14 13:11:39","2019-11-14 13:11:39",NULL,"2019-11-14 13:11:39",3,0,0,1,0,,642,230,NULL,NULL
310,"2019-11-14 13:11:40","2019-11-14 13:11:40",NULL,"2019-11-14 13:11:40",3,1,0,1,0,,621,214,NULL,NULL
311,"2019-11-14 13:11:41","2019-11-14 13:11:41",NULL,"2019-11-14 13:11:41",3,0,0,0,0,,540,113,NULL,NULL
312,"2019-11-14 13:11:42","2019-11-14 13:11:42",NULL,"2019-11-14 13:11:42",3,1,0,1,0,,626,177,NULL,NULL
313,"2019-11-14 13:11:43","2019-11-14 13:11:43",NULL,"2019-11-14 13:11:43",3,0,0,1,0,,587,130,NULL,NULL
314,"2019-11-14 13:11:44","2019-11-14 13:11:44",NULL,"2019-11-14 13:11:44",3,0,0,1,0,,432,9,NULL,NULL
315,"2019-11-14 13:11:45","2019-11-14 13:11:45",NULL,"2019-11-14 13:11:45",3,0,0,1,0,,452,5,NULL,NULL
316,"2019-11-14 13:11:46","2019-11-14 13:11:46",NULL,"2019-11-14 13:11:46",3,0,0,1,0,,437,1,NULL,NULL
317,"2019-11-14 13:11:48","2019-11-14 13:11:48",NULL,"2019-11-14 13:11:48",3,1,0,1,0,,600,245,NULL,NULL
318,"2019-11-14 13:11:49","2019-11-14 13:11:49",NULL,"2019-11-14 13:11:49",3,1,0,1,0,,600,267,NULL,NULL
319,"2019-11-14 13:11:50","2019-11-14 13:11:50",NULL,"2019-11-14 13:11:50",3,0,0,1,2512,,800,363,NULL,NULL
320,"2019-11-14 13:11:51","2019-11-14 13:11:51",NULL,"2019-11-14 13:11:51",3,1,0,1,2512,,1046,643,NULL,NULL
321,"2019-11-14 13:13:27","2019-11-14 13:13:27",NULL,"2019-11-14 13:13:27",0,0,0,0,0,,1477,419,NULL,NULL
322,"2019-11-14 13:13:28","2019-11-14 13:13:28",NULL,"2019-11-14 13:13:28",0,0,0,1,0,,1161,119,NULL,NULL
323,"2019-11-14 13:13:30","2019-11-14 13:13:30",NULL,"2019-11-14 13:13:30",0,0,0,0,0,,1161,119,NULL,NULL
324,"2019-11-14 13:13:35","2019-11-14 13:13:35",NULL,"2019-11-14 13:13:34",0,0,0,0,0,,0,0,NULL,NULL
325,"2019-11-14 13:13:41","2019-11-14 13:13:41",NULL,"2019-11-14 13:13:40",0,0,0,1,0,,0,0,NULL,NULL
326,"2019-11-15 16:05:53","2019-11-15 16:05:53",NULL,"2019-11-15 16:05:53",4,0,0,0,0,,406,301,NULL,NULL
327,"2019-11-15 16:05:55","2019-11-15 16:05:55",NULL,"2019-11-15 16:05:55",4,0,0,0,0,,406,313,NULL,NULL
328,"2019-11-15 16:05:56","2019-11-15 16:05:56",NULL,"2019-11-15 16:05:56",4,0,0,0,100,,410,315,NULL,NULL
329,"2019-11-15 16:05:57","2019-11-15 16:05:57",NULL,"2019-11-15 16:05:57",4,0,0,0,100,,461,286,NULL,NULL
330,"2019-11-15 16:05:58","2019-11-15 16:05:58",NULL,"2019-11-15 16:05:58",4,0,0,0,100,,467,287,NULL,NULL
331,"2019-11-15 16:05:59","2019-11-15 16:05:59",NULL,"2019-11-15 16:05:59",4,0,0,0,200,,460,284,NULL,NULL
332,"2019-11-15 16:06:00","2019-11-15 16:06:00",NULL,"2019-11-15 16:06:00",4,0,0,0,200,,449,283,NULL,NULL
333,"2019-11-15 16:06:01","2019-11-15 16:06:01",NULL,"2019-11-15 16:06:01",4,0,0,0,200,,434,298,NULL,NULL
334,"2019-11-15 16:06:02","2019-11-15 16:06:02",NULL,"2019-11-15 16:06:02",4,0,0,0,300,,430,297,NULL,NULL
335,"2019-11-15 16:06:03","2019-11-15 16:06:03",NULL,"2019-11-15 16:06:03",4,0,0,0,300,,421,276,NULL,NULL
336,"2019-11-15 16:06:04","2019-11-15 16:06:04",NULL,"2019-11-15 16:06:04",4,0,0,0,387,,419,277,NULL,NULL
337,"2019-11-15 16:06:05","2019-11-15 16:06:05",NULL,"2019-11-15 16:06:05",4,0,0,0,400,,406,159,NULL,NULL
338,"2019-11-15 16:06:06","2019-11-15 16:06:06",NULL,"2019-11-15 16:06:06",4,0,0,0,400,,416,150,NULL,NULL
339,"2019-11-15 16:06:08","2019-11-15 16:06:08",NULL,"2019-11-15 16:06:08",4,0,0,0,400,,413,156,NULL,NULL
340,"2019-11-15 16:06:09","2019-11-15 16:06:09",NULL,"2019-11-15 16:06:09",4,0,0,0,500,,407,169,NULL,NULL
341,"2019-11-15 16:06:10","2019-11-15 16:06:10",NULL,"2019-11-15 16:06:10",4,0,0,0,500,,407,160,NULL,NULL
342,"2019-11-15 16:06:11","2019-11-15 16:06:11",NULL,"2019-11-15 16:06:11",4,0,0,0,500,,355,106,NULL,NULL
343,"2019-11-15 16:06:13","2019-11-15 16:06:13",NULL,"2019-11-15 16:06:13",4,0,0,0,500,,348,108,NULL,NULL
344,"2019-11-15 16:06:14","2019-11-15 16:06:14",NULL,"2019-11-15 16:06:14",4,0,0,0,500,,331,130,NULL,NULL
345,"2019-11-15 16:06:15","2019-11-15 16:06:15",NULL,"2019-11-15 16:06:15",4,0,0,0,500,,331,134,NULL,NULL
346,"2019-11-15 16:06:16","2019-11-15 16:06:16",NULL,"2019-11-15 16:06:16",4,0,0,0,500,,391,320,NULL,NULL
347,"2019-11-15 16:06:17","2019-11-15 16:06:17",NULL,"2019-11-15 16:06:17",4,0,0,0,500,,340,348,NULL,NULL
348,"2019-11-15 16:06:18","2019-11-15 16:06:18",NULL,"2019-11-15 16:06:18",4,0,0,0,600,,367,342,NULL,NULL
349,"2019-11-15 16:06:19","2019-11-15 16:06:19",NULL,"2019-11-15 16:06:19",4,0,0,0,665,,373,340,NULL,NULL
350,"2019-11-15 16:06:20","2019-11-15 16:06:20",NULL,"2019-11-15 16:06:20",4,0,0,0,700,,376,267,NULL,NULL
351,"2019-11-15 16:06:21","2019-11-15 16:06:21",NULL,"2019-11-15 16:06:21",4,0,0,0,800,,372,270,NULL,NULL
352,"2019-11-15 16:06:22","2019-11-15 16:06:22",NULL,"2019-11-15 16:06:22",4,0,0,0,800,,397,213,NULL,NULL
353,"2019-11-15 16:06:24","2019-11-15 16:06:24",NULL,"2019-11-15 16:06:24",4,0,0,0,800,,394,208,NULL,NULL
354,"2019-11-15 16:06:25","2019-11-15 16:06:25",NULL,"2019-11-15 16:06:25",4,0,0,0,800,,391,206,NULL,NULL
355,"2019-11-15 16:06:26","2019-11-15 16:06:26",NULL,"2019-11-15 16:06:27",4,0,0,0,800,,376,227,NULL,NULL
356,"2019-11-15 16:06:27","2019-11-15 16:06:27",NULL,"2019-11-15 16:06:28",4,0,0,0,800,,379,285,NULL,NULL
357,"2019-11-15 16:06:28","2019-11-15 16:06:28",NULL,"2019-11-15 16:06:29",4,0,0,0,800,,387,326,NULL,NULL
358,"2019-11-15 16:06:29","2019-11-15 16:06:29",NULL,"2019-11-15 16:06:30",4,0,0,0,800,,432,311,NULL,NULL
359,"2019-11-15 16:06:30","2019-11-15 16:06:30",NULL,"2019-11-15 16:06:31",4,0,0,0,800,,428,312,NULL,NULL
360,"2019-11-15 16:06:31","2019-11-15 16:06:31",NULL,"2019-11-15 16:06:32",4,0,0,0,800,,419,315,NULL,NULL
361,"2019-11-15 16:06:32","2019-11-15 16:06:32",NULL,"2019-11-15 16:06:33",4,0,0,0,800,,392,334,NULL,NULL
362,"2019-11-15 16:06:33","2019-11-15 16:06:33",NULL,"2019-11-15 16:06:34",4,0,0,0,900,,385,188,NULL,NULL
363,"2019-11-15 16:06:34","2019-11-15 16:06:34",NULL,"2019-11-15 16:06:35",4,0,0,0,900,,364,222,NULL,NULL
364,"2019-11-15 16:06:35","2019-11-15 16:06:35",NULL,"2019-11-15 16:06:36",4,0,0,0,900,,383,214,NULL,NULL
365,"2019-11-15 16:06:36","2019-11-15 16:06:36",NULL,"2019-11-15 16:06:37",4,0,0,0,900,,380,223,NULL,NULL
366,"2019-11-15 16:06:37","2019-11-15 16:06:37",NULL,"2019-11-15 16:06:38",4,0,0,0,900,,411,270,NULL,NULL
367,"2019-11-15 16:06:38","2019-11-15 16:06:38",NULL,"2019-11-15 16:06:39",4,0,0,0,900,,427,285,NULL,NULL
368,"2019-11-15 16:06:39","2019-11-15 16:06:39",NULL,"2019-11-15 16:06:40",4,0,0,0,900,,420,245,NULL,NULL
369,"2019-11-15 16:06:40","2019-11-15 16:06:40",NULL,"2019-11-15 16:06:41",4,0,0,0,900,,412,237,NULL,NULL
370,"2019-11-15 16:06:41","2019-11-15 16:06:41",NULL,"2019-11-15 16:06:42",4,0,0,0,900,,412,234,NULL,NULL
371,"2019-11-15 16:06:42","2019-11-15 16:06:42",NULL,"2019-11-15 16:06:43",4,0,0,0,1000,,408,242,NULL,NULL
372,"2019-11-15 16:06:43","2019-11-15 16:06:43",NULL,"2019-11-15 16:06:44",4,0,0,0,1000,,646,63,NULL,NULL
373,"2019-11-15 16:06:45","2019-11-15 16:06:45",NULL,"2019-11-15 16:06:45",4,0,0,0,1000,,681,5,NULL,NULL
374,"2019-11-15 16:07:45","2019-11-15 16:07:45",NULL,"2019-11-15 16:07:45",4,0,0,1,1000,,681,5,NULL,NULL
375,"2019-11-15 16:07:46","2019-11-15 16:07:46",NULL,"2019-11-15 16:07:46",4,0,0,1,1000,,791,468,NULL,NULL
376,"2019-11-15 16:07:47","2019-11-15 16:07:47",NULL,"2019-11-15 16:07:47",4,0,0,1,1100,,667,410,NULL,NULL
377,"2019-11-15 16:07:48","2019-11-15 16:07:48",NULL,"2019-11-15 16:07:48",4,0,0,1,1100,,434,334,NULL,NULL
378,"2019-11-15 16:07:49","2019-11-15 16:07:49",NULL,"2019-11-15 16:07:49",4,0,0,1,1100,,346,422,NULL,NULL
379,"2019-11-15 16:07:50","2019-11-15 16:07:50",NULL,"2019-11-15 16:07:50",4,0,0,1,1200,,343,392,NULL,NULL
380,"2019-11-15 16:07:51","2019-11-15 16:07:51",NULL,"2019-11-15 16:07:51",4,0,0,1,1300,,343,392,NULL,NULL
381,"2019-11-15 16:07:52","2019-11-15 16:07:52",NULL,"2019-11-15 16:07:52",4,0,0,1,1495,,342,381,NULL,NULL
382,"2019-11-15 16:07:53","2019-11-15 16:07:53",NULL,"2019-11-15 16:07:53",4,0,0,1,1500,,338,376,NULL,NULL
383,"2019-11-15 16:07:54","2019-11-15 16:07:54",NULL,"2019-11-15 16:07:54",4,0,0,1,1700,,338,376,NULL,NULL
384,"2019-11-15 16:07:56","2019-11-15 16:07:56",NULL,"2019-11-15 16:07:56",4,0,0,1,1895,,338,376,NULL,NULL
385,"2019-11-15 16:07:57","2019-11-15 16:07:57",NULL,"2019-11-15 16:07:57",4,0,0,1,1936,,345,399,NULL,NULL
386,"2019-11-15 16:07:58","2019-11-15 16:07:58",NULL,"2019-11-15 16:07:58",4,0,0,1,2099,,345,399,NULL,NULL
387,"2019-11-15 16:07:59","2019-11-15 16:07:59",NULL,"2019-11-15 16:07:59",4,0,0,1,2200,,345,399,NULL,NULL
388,"2019-11-15 16:08:00","2019-11-15 16:08:00",NULL,"2019-11-15 16:08:00",4,0,0,1,2300,,345,399,NULL,NULL
389,"2019-11-15 16:08:01","2019-11-15 16:08:01",NULL,"2019-11-15 16:08:01",4,0,0,1,2300,,915,547,NULL,NULL
390,"2019-11-15 16:08:02","2019-11-15 16:08:02",NULL,"2019-11-15 16:08:02",4,1,0,1,2300,,674,444,NULL,NULL
391,"2019-11-15 16:08:03","2019-11-15 16:08:03",NULL,"2019-11-15 16:08:03",4,0,0,1,2300,,561,261,NULL,NULL
392,"2019-11-15 16:08:04","2019-11-15 16:08:04",NULL,"2019-11-15 16:08:04",4,0,0,1,2300,,545,144,NULL,NULL
393,"2019-11-15 16:08:05","2019-11-15 16:08:05",NULL,"2019-11-15 16:08:05",4,0,0,1,2300,,545,128,NULL,NULL
394,"2019-11-15 16:08:06","2019-11-15 16:08:06",NULL,"2019-11-15 16:08:06",4,1,0,1,0,,877,337,NULL,NULL
395,"2019-11-15 16:08:07","2019-11-15 16:08:07",NULL,"2019-11-15 16:08:07",4,0,0,1,0,,693,258,NULL,NULL
396,"2019-11-15 16:08:08","2019-11-15 16:08:08",NULL,"2019-11-15 16:08:08",4,0,0,1,0,,665,267,NULL,NULL
397,"2019-11-15 16:08:09","2019-11-15 16:08:09",NULL,"2019-11-15 16:08:09",4,0,0,1,0,,505,290,NULL,NULL
398,"2019-11-15 16:08:10","2019-11-15 16:08:10",NULL,"2019-11-15 16:08:10",4,0,0,1,100,,505,290,NULL,NULL
399,"2019-11-15 16:08:11","2019-11-15 16:08:11",NULL,"2019-11-15 16:08:11",4,0,0,1,200,,505,290,NULL,NULL
400,"2019-11-15 16:08:12","2019-11-15 16:08:12",NULL,"2019-11-15 16:08:12",4,0,0,1,200,,466,260,NULL,NULL
401,"2019-11-15 16:08:13","2019-11-15 16:08:13",NULL,"2019-11-15 16:08:13",4,0,0,1,200,,398,235,NULL,NULL
402,"2019-11-15 16:08:15","2019-11-15 16:08:15",NULL,"2019-11-15 16:08:15",4,0,0,1,200,,380,277,NULL,NULL
403,"2019-11-15 16:08:16","2019-11-15 16:08:16",NULL,"2019-11-15 16:08:16",4,0,0,1,200,,380,278,NULL,NULL
404,"2019-11-15 16:08:17","2019-11-15 16:08:17",NULL,"2019-11-15 16:08:17",4,0,0,1,300,,380,278,NULL,NULL
405,"2019-11-15 16:08:18","2019-11-15 16:08:18",NULL,"2019-11-15 16:08:18",4,0,0,1,300,,407,234,NULL,NULL
406,"2019-11-15 16:08:20","2019-11-15 16:08:20",NULL,"2019-11-15 16:08:20",4,0,0,1,400,,406,235,NULL,NULL
407,"2019-11-15 16:08:21","2019-11-15 16:08:21",NULL,"2019-11-15 16:08:21",4,0,0,1,400,,418,210,NULL,NULL
408,"2019-11-15 16:08:22","2019-11-15 16:08:22",NULL,"2019-11-15 16:08:22",4,0,0,1,400,,409,221,NULL,NULL
409,"2019-11-15 16:08:23","2019-11-15 16:08:23",NULL,"2019-11-15 16:08:23",4,0,0,1,400,,408,222,NULL,NULL
410,"2019-11-15 16:08:24","2019-11-15 16:08:24",NULL,"2019-11-15 16:08:24",4,0,0,1,400,,413,261,NULL,NULL
411,"2019-11-15 16:08:25","2019-11-15 16:08:25",NULL,"2019-11-15 16:08:25",4,0,0,1,500,,435,308,NULL,NULL
412,"2019-11-15 16:08:26","2019-11-15 16:08:26",NULL,"2019-11-15 16:08:26",4,0,0,1,500,,455,200,NULL,NULL
413,"2019-11-15 16:08:27","2019-11-15 16:08:27",NULL,"2019-11-15 16:08:27",4,0,0,1,500,,424,260,NULL,NULL
414,"2019-11-15 16:08:28","2019-11-15 16:08:28",NULL,"2019-11-15 16:08:28",4,0,0,1,565,,438,282,NULL,NULL
415,"2019-11-15 16:08:29","2019-11-15 16:08:29",NULL,"2019-11-15 16:08:29",4,0,0,1,600,,443,203,NULL,NULL
416,"2019-11-15 16:08:30","2019-11-15 16:08:30",NULL,"2019-11-15 16:08:30",4,0,0,1,600,,457,265,NULL,NULL
417,"2019-11-15 16:08:31","2019-11-15 16:08:31",NULL,"2019-11-15 16:08:31",4,0,0,1,600,,629,262,NULL,NULL
418,"2019-11-15 16:08:32","2019-11-15 16:08:32",NULL,"2019-11-15 16:08:32",4,0,0,1,600,,654,241,NULL,NULL
419,"2019-11-15 16:08:33","2019-11-15 16:08:33",NULL,"2019-11-15 16:08:33",4,0,0,1,600,,579,309,NULL,NULL
420,"2019-11-15 16:08:34","2019-11-15 16:08:34",NULL,"2019-11-15 16:08:34",4,0,0,1,600,,530,319,NULL,NULL
421,"2019-11-15 16:08:35","2019-11-15 16:08:35",NULL,"2019-11-15 16:08:35",4,0,0,1,600,,452,285,NULL,NULL
422,"2019-11-15 16:08:36","2019-11-15 16:08:36",NULL,"2019-11-15 16:08:36",4,0,0,1,600,,468,268,NULL,NULL
423,"2019-11-15 16:08:37","2019-11-15 16:08:37",NULL,"2019-11-15 16:08:37",4,0,0,1,600,,549,224,NULL,NULL
424,"2019-11-15 16:08:38","2019-11-15 16:08:38",NULL,"2019-11-15 16:08:38",4,1,0,1,600,,539,131,NULL,NULL
425,"2019-11-15 16:08:39","2019-11-15 16:08:39",NULL,"2019-11-15 16:08:39",4,0,0,1,600,,526,296,NULL,NULL
426,"2019-11-15 16:08:40","2019-11-15 16:08:40",NULL,"2019-11-15 16:08:40",4,0,0,1,700,,524,294,NULL,NULL
427,"2019-11-15 16:08:41","2019-11-15 16:08:41",NULL,"2019-11-15 16:08:41",4,0,0,1,700,,516,273,NULL,NULL
428,"2019-11-15 16:08:42","2019-11-15 16:08:42",NULL,"2019-11-15 16:08:42",4,0,0,1,800,,378,221,NULL,NULL
429,"2019-11-15 16:08:43","2019-11-15 16:08:43",NULL,"2019-11-15 16:08:43",4,0,0,1,800,,372,248,NULL,NULL
430,"2019-11-15 16:08:44","2019-11-15 16:08:44",NULL,"2019-11-15 16:08:44",4,0,0,1,800,,394,276,NULL,NULL
431,"2019-11-15 16:08:46","2019-11-15 16:08:46",NULL,"2019-11-15 16:08:46",4,0,0,1,800,,357,325,NULL,NULL
432,"2019-11-15 16:08:47","2019-11-15 16:08:47",NULL,"2019-11-15 16:08:47",4,0,0,1,800,,364,319,NULL,NULL
433,"2019-11-15 16:08:48","2019-11-15 16:08:48",NULL,"2019-11-15 16:08:48",4,0,0,1,900,,410,285,NULL,NULL
434,"2019-11-15 16:08:49","2019-11-15 16:08:49",NULL,"2019-11-15 16:08:49",4,0,0,1,900,,447,279,NULL,NULL
435,"2019-11-15 16:08:50","2019-11-15 16:08:50",NULL,"2019-11-15 16:08:50",4,0,0,1,900,,444,295,NULL,NULL
436,"2019-11-15 16:08:51","2019-11-15 16:08:51",NULL,"2019-11-15 16:08:51",4,0,0,1,900,,426,349,NULL,NULL
437,"2019-11-15 16:08:52","2019-11-15 16:08:52",NULL,"2019-11-15 16:08:52",4,0,0,1,900,,402,357,NULL,NULL
438,"2019-11-15 16:08:53","2019-11-15 16:08:53",NULL,"2019-11-15 16:08:53",4,0,0,1,900,,374,378,NULL,NULL
439,"2019-11-15 16:08:54","2019-11-15 16:08:54",NULL,"2019-11-15 16:08:54",4,0,0,1,1000,,389,341,NULL,NULL
440,"2019-11-15 16:08:55","2019-11-15 16:08:55",NULL,"2019-11-15 16:08:55",4,0,0,1,1099,,404,330,NULL,NULL
441,"2019-11-15 16:08:56","2019-11-15 16:08:56",NULL,"2019-11-15 16:08:56",4,0,0,1,1100,,412,298,NULL,NULL
442,"2019-11-15 16:08:57","2019-11-15 16:08:57",NULL,"2019-11-15 16:08:57",4,0,0,1,1100,,382,339,NULL,NULL
443,"2019-11-15 16:08:58","2019-11-15 16:08:58",NULL,"2019-11-15 16:08:58",4,0,0,1,1100,,379,331,NULL,NULL
444,"2019-11-15 16:08:59","2019-11-15 16:08:59",NULL,"2019-11-15 16:08:59",4,0,0,1,1200,,374,286,NULL,NULL
445,"2019-11-15 16:09:00","2019-11-15 16:09:00",NULL,"2019-11-15 16:09:00",4,0,0,1,1200,,374,278,NULL,NULL
446,"2019-11-15 16:09:01","2019-11-15 16:09:01",NULL,"2019-11-15 16:09:01",4,0,0,1,1200,,358,296,NULL,NULL
447,"2019-11-15 16:09:02","2019-11-15 16:09:02",NULL,"2019-11-15 16:09:02",4,0,0,1,1200,,448,215,NULL,NULL
448,"2019-11-15 16:09:03","2019-11-15 16:09:03",NULL,"2019-11-15 16:09:03",4,0,0,1,1200,,507,130,NULL,NULL
449,"2019-11-15 16:09:05","2019-11-15 16:09:05",NULL,"2019-11-15 16:09:05",4,1,0,1,1200,,455,262,NULL,NULL
450,"2019-11-15 16:09:06","2019-11-15 16:09:06",NULL,"2019-11-15 16:09:06",4,0,0,1,1200,,422,328,NULL,NULL
451,"2019-11-15 16:09:07","2019-11-15 16:09:07",NULL,"2019-11-15 16:09:07",4,0,0,1,1300,,403,328,NULL,NULL
452,"2019-11-15 16:09:08","2019-11-15 16:09:08",NULL,"2019-11-15 16:09:08",4,0,0,1,1300,,362,250,NULL,NULL
453,"2019-11-15 16:09:09","2019-11-15 16:09:09",NULL,"2019-11-15 16:09:09",4,0,0,1,1300,,378,265,NULL,NULL
454,"2019-11-15 16:09:10","2019-11-15 16:09:10",NULL,"2019-11-15 16:09:10",4,0,0,1,1395,,376,265,NULL,NULL
455,"2019-11-15 16:09:11","2019-11-15 16:09:11",NULL,"2019-11-15 16:09:11",4,0,0,1,1400,,374,201,NULL,NULL
456,"2019-11-15 16:09:12","2019-11-15 16:09:12",NULL,"2019-11-15 16:09:12",4,0,0,1,1400,,363,236,NULL,NULL
457,"2019-11-15 16:09:13","2019-11-15 16:09:13",NULL,"2019-11-15 16:09:13",4,0,0,1,1400,,376,273,NULL,NULL
458,"2019-11-15 16:09:14","2019-11-15 16:09:14",NULL,"2019-11-15 16:09:14",4,0,0,1,1500,,378,269,NULL,NULL
459,"2019-11-15 16:09:15","2019-11-15 16:09:15",NULL,"2019-11-15 16:09:15",4,0,0,1,1500,,398,166,NULL,NULL
460,"2019-11-15 16:09:16","2019-11-15 16:09:16",NULL,"2019-11-15 16:09:16",4,0,0,1,1500,,384,211,NULL,NULL
461,"2019-11-15 16:09:17","2019-11-15 16:09:17",NULL,"2019-11-15 16:09:17",4,0,0,1,1500,,392,212,NULL,NULL
462,"2019-11-15 16:09:18","2019-11-15 16:09:18",NULL,"2019-11-15 16:09:18",4,0,0,1,1500,,394,210,NULL,NULL
463,"2019-11-15 16:09:19","2019-11-15 16:09:19",NULL,"2019-11-15 16:09:19",4,0,0,1,1500,,378,236,NULL,NULL
464,"2019-11-15 16:09:20","2019-11-15 16:09:20",NULL,"2019-11-15 16:09:20",4,0,0,1,1500,,367,306,NULL,NULL
465,"2019-11-15 16:09:21","2019-11-15 16:09:21",NULL,"2019-11-15 16:09:21",4,0,0,1,1500,,368,308,NULL,NULL
466,"2019-11-15 16:09:22","2019-11-15 16:09:22",NULL,"2019-11-15 16:09:22",4,0,0,1,1600,,394,300,NULL,NULL
467,"2019-11-15 16:09:23","2019-11-15 16:09:23",NULL,"2019-11-15 16:09:23",4,0,0,1,1700,,394,300,NULL,NULL
468,"2019-11-15 16:09:24","2019-11-15 16:09:24",NULL,"2019-11-15 16:09:24",4,0,0,1,1700,,405,237,NULL,NULL
469,"2019-11-15 16:09:25","2019-11-15 16:09:25",NULL,"2019-11-15 16:09:25",4,0,0,1,1750,,399,249,NULL,NULL
470,"2019-11-15 16:09:26","2019-11-15 16:09:26",NULL,"2019-11-15 16:09:26",4,0,0,1,1800,,430,201,NULL,NULL
471,"2019-11-15 16:09:27","2019-11-15 16:09:27",NULL,"2019-11-15 16:09:27",4,0,0,1,1800,,426,204,NULL,NULL
472,"2019-11-15 16:09:28","2019-11-15 16:09:28",NULL,"2019-11-15 16:09:28",4,0,0,1,1800,,408,230,NULL,NULL
473,"2019-11-15 16:09:29","2019-11-15 16:09:29",NULL,"2019-11-15 16:09:29",4,0,0,1,1800,,383,284,NULL,NULL
474,"2019-11-15 16:09:30","2019-11-15 16:09:30",NULL,"2019-11-15 16:09:30",4,0,0,1,1900,,362,241,NULL,NULL
475,"2019-11-15 16:09:31","2019-11-15 16:09:31",NULL,"2019-11-15 16:09:31",4,0,0,1,1900,,382,228,NULL,NULL
476,"2019-11-15 16:09:32","2019-11-15 16:09:32",NULL,"2019-11-15 16:09:32",4,0,0,1,1900,,359,283,NULL,NULL
477,"2019-11-15 16:09:33","2019-11-15 16:09:33",NULL,"2019-11-15 16:09:33",4,0,0,1,1900,,399,309,NULL,NULL
478,"2019-11-15 16:09:34","2019-11-15 16:09:34",NULL,"2019-11-15 16:09:34",4,0,0,1,1900,,386,337,NULL,NULL
479,"2019-11-15 16:09:35","2019-11-15 16:09:35",NULL,"2019-11-15 16:09:35",4,0,0,1,2000,,394,252,NULL,NULL
480,"2019-11-15 16:09:36","2019-11-15 16:09:36",NULL,"2019-11-15 16:09:36",4,0,0,1,2000,,367,265,NULL,NULL
481,"2019-11-15 16:09:37","2019-11-15 16:09:37",NULL,"2019-11-15 16:09:37",4,0,0,1,2000,,364,267,NULL,NULL
482,"2019-11-15 16:09:38","2019-11-15 16:09:38",NULL,"2019-11-15 16:09:38",4,0,0,1,2000,,364,266,NULL,NULL
483,"2019-11-15 16:09:39","2019-11-15 16:09:39",NULL,"2019-11-15 16:09:39",4,0,0,1,2000,,371,286,NULL,NULL
484,"2019-11-15 16:09:40","2019-11-15 16:09:40",NULL,"2019-11-15 16:09:40",4,0,0,1,2000,,374,295,NULL,NULL
485,"2019-11-15 16:09:41","2019-11-15 16:09:41",NULL,"2019-11-15 16:09:41",4,0,0,1,2000,,373,308,NULL,NULL
486,"2019-11-15 16:09:42","2019-11-15 16:09:42",NULL,"2019-11-15 16:09:42",4,0,0,1,2050,,384,348,NULL,NULL
487,"2019-11-15 16:09:43","2019-11-15 16:09:43",NULL,"2019-11-15 16:09:43",4,0,0,1,2100,,384,348,NULL,NULL
488,"2019-11-15 16:09:44","2019-11-15 16:09:44",NULL,"2019-11-15 16:09:44",4,0,0,1,2100,,391,288,NULL,NULL
489,"2019-11-15 16:09:45","2019-11-15 16:09:45",NULL,"2019-11-15 16:09:45",4,0,0,1,2100,,358,333,NULL,NULL
490,"2019-11-15 16:09:46","2019-11-15 16:09:46",NULL,"2019-11-15 16:09:46",4,0,0,1,2100,,358,335,NULL,NULL
491,"2019-11-15 16:09:47","2019-11-15 16:09:47",NULL,"2019-11-15 16:09:47",4,0,0,1,2200,,359,323,NULL,NULL
492,"2019-11-15 16:09:48","2019-11-15 16:09:48",NULL,"2019-11-15 16:09:48",4,0,0,1,2277,,382,282,NULL,NULL
493,"2019-11-15 16:09:49","2019-11-15 16:09:49",NULL,"2019-11-15 16:09:49",4,0,0,1,2300,,381,232,NULL,NULL
494,"2019-11-15 16:09:50","2019-11-15 16:09:50",NULL,"2019-11-15 16:09:50",4,0,0,1,2300,,372,269,NULL,NULL
495,"2019-11-15 16:09:51","2019-11-15 16:09:51",NULL,"2019-11-15 16:09:51",4,0,0,1,2300,,380,326,NULL,NULL
496,"2019-11-15 16:09:52","2019-11-15 16:09:52",NULL,"2019-11-15 16:09:52",4,0,0,1,2300,,380,334,NULL,NULL
497,"2019-11-15 16:09:53","2019-11-15 16:09:53",NULL,"2019-11-15 16:09:53",4,0,0,1,2400,,381,312,NULL,NULL
498,"2019-11-15 16:09:54","2019-11-15 16:09:54",NULL,"2019-11-15 16:09:54",4,0,0,1,2500,,381,312,NULL,NULL
499,"2019-11-15 16:09:55","2019-11-15 16:09:55",NULL,"2019-11-15 16:09:55",4,0,0,1,2500,,381,346,NULL,NULL
500,"2019-11-15 16:09:56","2019-11-15 16:09:56",NULL,"2019-11-15 16:09:56",4,0,0,1,2500,,372,393,NULL,NULL
501,"2019-11-15 16:09:57","2019-11-15 16:09:57",NULL,"2019-11-15 16:09:57",4,0,0,1,2500,,891,582,NULL,NULL
502,"2019-11-15 16:09:58","2019-11-15 16:09:58",NULL,"2019-11-15 16:09:58",4,1,0,1,2500,,844,554,NULL,NULL
503,"2019-11-15 16:09:59","2019-11-15 16:09:59",NULL,"2019-11-15 16:09:59",4,0,0,1,2500,,409,275,NULL,NULL
504,"2019-11-15 16:10:00","2019-11-15 16:10:00",NULL,"2019-11-15 16:10:00",4,0,0,1,2500,,410,234,NULL,NULL
505,"2019-11-15 16:10:01","2019-11-15 16:10:01",NULL,"2019-11-15 16:10:01",4,0,0,1,2500,,453,189,NULL,NULL
506,"2019-11-15 16:10:02","2019-11-15 16:10:02",NULL,"2019-11-15 16:10:02",4,0,0,1,2500,,458,185,NULL,NULL
507,"2019-11-15 16:10:03","2019-11-15 16:10:03",NULL,"2019-11-15 16:10:03",4,0,0,1,2500,,483,158,NULL,NULL
508,"2019-11-15 16:10:04","2019-11-15 16:10:04",NULL,"2019-11-15 16:10:04",4,1,0,1,0,,411,237,NULL,NULL
509,"2019-11-15 16:10:05","2019-11-15 16:10:05",NULL,"2019-11-15 16:10:05",4,0,0,1,0,,387,260,NULL,NULL
510,"2019-11-15 16:10:06","2019-11-15 16:10:06",NULL,"2019-11-15 16:10:06",4,0,0,1,100,,417,194,NULL,NULL
511,"2019-11-15 16:10:07","2019-11-15 16:10:07",NULL,"2019-11-15 16:10:07",4,0,0,1,100,,435,180,NULL,NULL
512,"2019-11-15 16:10:08","2019-11-15 16:10:08",NULL,"2019-11-15 16:10:08",4,0,0,1,100,,429,195,NULL,NULL
513,"2019-11-15 16:10:14","2019-11-15 16:10:14",NULL,"2019-11-15 16:10:14",4,0,0,1,100,,440,163,NULL,NULL
514,"2019-11-15 16:10:15","2019-11-15 16:10:15",NULL,"2019-11-15 16:10:15",4,0,0,1,100,,625,226,NULL,NULL
515,"2019-11-15 16:10:16","2019-11-15 16:10:16",NULL,"2019-11-15 16:10:16",4,0,0,1,100,,625,223,NULL,NULL
516,"2019-11-15 16:10:18","2019-11-15 16:10:18",NULL,"2019-11-15 16:10:18",4,0,0,1,100,,625,209,NULL,NULL
517,"2019-11-15 16:10:19","2019-11-15 16:10:19",NULL,"2019-11-15 16:10:19",4,0,0,1,100,,623,206,NULL,NULL
518,"2019-11-15 16:10:36","2019-11-15 16:10:36",NULL,"2019-11-15 16:10:36",4,0,0,1,100,,602,283,NULL,NULL
519,"2019-11-15 16:10:37","2019-11-15 16:10:37",NULL,"2019-11-15 16:10:37",4,0,0,1,213,,588,303,NULL,NULL
520,"2019-11-15 16:10:38","2019-11-15 16:10:38",NULL,"2019-11-15 16:10:38",4,0,0,1,700,,598,296,NULL,NULL
521,"2019-11-15 16:10:39","2019-11-15 16:10:39",NULL,"2019-11-15 16:10:39",4,0,0,1,1300,,601,321,NULL,NULL
522,"2019-11-15 16:10:40","2019-11-15 16:10:40",NULL,"2019-11-15 16:10:40",4,0,0,1,2512,,602,359,NULL,NULL
523,"2019-11-15 16:10:41","2019-11-15 16:10:41",NULL,"2019-11-15 16:10:41",4,0,0,1,2512,,848,486,NULL,NULL
524,"2019-11-15 16:10:42","2019-11-15 16:10:42",NULL,"2019-11-15 16:10:42",4,1,0,1,2512,,946,537,NULL,NULL
525,"2019-11-15 16:10:43","2019-11-15 16:10:43",NULL,"2019-11-15 16:10:43",4,0,0,1,2512,,572,177,NULL,NULL
526,"2019-11-15 16:10:44","2019-11-15 16:10:44",NULL,"2019-11-15 16:10:44",4,0,0,1,2512,,548,196,NULL,NULL
527,"2019-11-15 16:10:45","2019-11-15 16:10:45",NULL,"2019-11-15 16:10:45",4,1,0,1,2512,,548,196,NULL,NULL
528,"2019-11-15 16:10:46","2019-11-15 16:10:46",NULL,"2019-11-15 16:10:46",4,0,0,1,0,,659,327,NULL,NULL
529,"2019-11-15 16:10:47","2019-11-15 16:10:47",NULL,"2019-11-15 16:10:47",4,0,0,1,0,,604,249,NULL,NULL
530,"2019-11-15 16:10:49","2019-11-15 16:10:49",NULL,"2019-11-15 16:10:49",4,0,0,1,200,,604,249,NULL,NULL
531,"2019-11-15 16:10:50","2019-11-15 16:10:50",NULL,"2019-11-15 16:10:50",4,0,0,1,200,,576,233,NULL,NULL
532,"2019-11-15 16:10:51","2019-11-15 16:10:51",NULL,"2019-11-15 16:10:51",4,0,0,1,200,,429,139,NULL,NULL
533,"2019-11-15 16:10:52","2019-11-15 16:10:52",NULL,"2019-11-15 16:10:52",4,0,0,1,200,,430,178,NULL,NULL
534,"2019-11-15 16:10:53","2019-11-15 16:10:53",NULL,"2019-11-15 16:10:53",4,0,0,1,200,,423,192,NULL,NULL
535,"2019-11-15 16:10:54","2019-11-15 16:10:54",NULL,"2019-11-15 16:10:54",4,0,0,1,200,,411,222,NULL,NULL
536,"2019-11-15 16:10:56","2019-11-15 16:10:56",NULL,"2019-11-15 16:10:56",4,0,0,1,200,,375,246,NULL,NULL
537,"2019-11-15 16:10:57","2019-11-15 16:10:57",NULL,"2019-11-15 16:10:57",4,0,0,1,236,,373,252,NULL,NULL
538,"2019-11-15 16:10:58","2019-11-15 16:10:58",NULL,"2019-11-15 16:10:58",4,0,0,1,300,,384,205,NULL,NULL
539,"2019-11-15 16:10:59","2019-11-15 16:10:59",NULL,"2019-11-15 16:10:59",4,0,0,1,300,,381,208,NULL,NULL
540,"2019-11-15 16:11:00","2019-11-15 16:11:00",NULL,"2019-11-15 16:11:00",4,0,0,1,300,,366,246,NULL,NULL
541,"2019-11-15 16:11:01","2019-11-15 16:11:01",NULL,"2019-11-15 16:11:01",4,0,0,1,400,,366,246,NULL,NULL
542,"2019-11-15 16:11:02","2019-11-15 16:11:02",NULL,"2019-11-15 16:11:02",4,0,0,1,400,,485,206,NULL,NULL
543,"2019-11-15 16:11:05","2019-11-15 16:11:05",NULL,"2019-11-15 16:11:05",4,0,0,1,400,,516,173,NULL,NULL
544,"2019-11-15 16:11:08","2019-11-15 16:11:08",NULL,"2019-11-15 16:11:08",4,1,0,1,400,,516,173,NULL,NULL
545,"2019-11-15 16:11:09","2019-11-15 16:11:09",NULL,"2019-11-15 16:11:09",4,0,0,1,400,,465,224,NULL,NULL
546,"2019-11-15 16:11:10","2019-11-15 16:11:10",NULL,"2019-11-15 16:11:10",4,0,0,1,500,,463,216,NULL,NULL
547,"2019-11-15 16:11:11","2019-11-15 16:11:11",NULL,"2019-11-15 16:11:11",4,0,0,1,500,,638,177,NULL,NULL
548,"2019-11-15 16:11:12","2019-11-15 16:11:12",NULL,"2019-11-15 16:11:12",4,0,0,1,500,,569,243,NULL,NULL
549,"2019-11-15 16:11:13","2019-11-15 16:11:13",NULL,"2019-11-15 16:11:13",4,0,0,1,500,,579,288,NULL,NULL
550,"2019-11-15 16:11:14","2019-11-15 16:11:14",NULL,"2019-11-15 16:11:14",4,0,0,1,500,,565,289,NULL,NULL
551,"2019-11-15 16:11:15","2019-11-15 16:11:15",NULL,"2019-11-15 16:11:15",4,0,0,1,500,,561,278,NULL,NULL
552,"2019-11-15 16:11:16","2019-11-15 16:11:16",NULL,"2019-11-15 16:11:16",4,0,0,1,500,,561,277,NULL,NULL
553,"2019-11-15 16:11:17","2019-11-15 16:11:17",NULL,"2019-11-15 16:11:17",4,0,0,1,599,,528,278,NULL,NULL
554,"2019-11-15 16:11:18","2019-11-15 16:11:18",NULL,"2019-11-15 16:11:18",4,0,0,1,600,,443,235,NULL,NULL
555,"2019-11-15 16:11:20","2019-11-15 16:11:20",NULL,"2019-11-15 16:11:20",4,0,0,1,600,,416,269,NULL,NULL
556,"2019-11-15 16:11:21","2019-11-15 16:11:21",NULL,"2019-11-15 16:11:21",4,0,0,1,700,,411,268,NULL,NULL
557,"2019-11-15 16:11:22","2019-11-15 16:11:22",NULL,"2019-11-15 16:11:22",4,0,0,1,700,,387,212,NULL,NULL
558,"2019-11-15 16:11:23","2019-11-15 16:11:23",NULL,"2019-11-15 16:11:23",4,0,0,1,700,,383,253,NULL,NULL
559,"2019-11-15 16:11:24","2019-11-15 16:11:24",NULL,"2019-11-15 16:11:24",4,0,0,1,700,,383,255,NULL,NULL
560,"2019-11-15 16:11:25","2019-11-15 16:11:25",NULL,"2019-11-15 16:11:25",4,0,0,1,800,,383,257,NULL,NULL
561,"2019-11-15 16:11:26","2019-11-15 16:11:26",NULL,"2019-11-15 16:11:26",4,0,0,1,800,,415,192,NULL,NULL
562,"2019-11-15 16:11:27","2019-11-15 16:11:27",NULL,"2019-11-15 16:11:27",4,0,0,1,800,,422,185,NULL,NULL
563,"2019-11-15 16:11:28","2019-11-15 16:11:28",NULL,"2019-11-15 16:11:28",4,0,0,1,800,,412,199,NULL,NULL
564,"2019-11-15 16:11:29","2019-11-15 16:11:29",NULL,"2019-11-15 16:11:29",4,0,0,1,800,,373,272,NULL,NULL
565,"2019-11-15 16:11:30","2019-11-15 16:11:30",NULL,"2019-11-15 16:11:30",4,0,0,1,864,,372,277,NULL,NULL
566,"2019-11-15 16:11:31","2019-11-15 16:11:31",NULL,"2019-11-15 16:11:31",4,0,0,1,900,,458,188,NULL,NULL
567,"2019-11-15 16:11:34","2019-11-15 16:11:34",NULL,"2019-11-15 16:11:34",4,0,0,1,900,,425,255,NULL,NULL
568,"2019-11-15 16:11:35","2019-11-15 16:11:35",NULL,"2019-11-15 16:11:35",4,0,0,1,1000,,425,255,NULL,NULL
569,"2019-11-15 16:11:37","2019-11-15 16:11:37",NULL,"2019-11-15 16:11:37",4,0,0,1,1000,,426,254,NULL,NULL
570,"2019-11-15 16:11:38","2019-11-15 16:11:38",NULL,"2019-11-15 16:11:38",4,0,0,1,1000,,520,159,NULL,NULL
571,"2019-11-15 16:11:39","2019-11-15 16:11:39",NULL,"2019-11-15 16:11:39",4,1,0,1,1000,,523,140,NULL,NULL
572,"2019-11-15 16:11:40","2019-11-15 16:11:40",NULL,"2019-11-15 16:11:40",4,0,0,1,1000,,484,236,NULL,NULL
573,"2019-11-15 16:11:41","2019-11-15 16:11:41",NULL,"2019-11-15 16:11:41",4,0,0,1,1100,,477,239,NULL,NULL
574,"2019-11-15 16:11:42","2019-11-15 16:11:42",NULL,"2019-11-15 16:11:42",4,0,0,1,1100,,471,243,NULL,NULL
575,"2019-11-15 16:11:43","2019-11-15 16:11:43",NULL,"2019-11-15 16:11:43",4,0,0,1,1200,,469,246,NULL,NULL
576,"2019-11-15 16:11:44","2019-11-15 16:11:44",NULL,"2019-11-15 16:11:44",4,0,0,1,1200,,410,217,NULL,NULL
577,"2019-11-15 16:11:45","2019-11-15 16:11:45",NULL,"2019-11-15 16:11:45",4,0,0,1,1200,,400,223,NULL,NULL
578,"2019-11-15 16:11:46","2019-11-15 16:11:46",NULL,"2019-11-15 16:11:46",4,0,0,1,1200,,380,274,NULL,NULL
579,"2019-11-15 16:11:47","2019-11-15 16:11:47",NULL,"2019-11-15 16:11:47",4,0,0,1,1295,,380,274,NULL,NULL
580,"2019-11-15 16:11:48","2019-11-15 16:11:48",NULL,"2019-11-15 16:11:48",4,0,0,1,1300,,429,194,NULL,NULL
581,"2019-11-15 16:11:49","2019-11-15 16:11:49",NULL,"2019-11-15 16:11:49",4,0,0,1,1300,,400,285,NULL,NULL
582,"2019-11-15 16:11:50","2019-11-15 16:11:50",NULL,"2019-11-15 16:11:50",4,0,0,1,1336,,400,296,NULL,NULL
583,"2019-11-15 16:11:51","2019-11-15 16:11:51",NULL,"2019-11-15 16:11:51",4,0,0,1,1400,,401,274,NULL,NULL
584,"2019-11-15 16:11:52","2019-11-15 16:11:52",NULL,"2019-11-15 16:11:52",4,0,0,1,1436,,401,272,NULL,NULL
585,"2019-11-15 16:11:53","2019-11-15 16:11:53",NULL,"2019-11-15 16:11:53",4,0,0,1,1500,,416,191,NULL,NULL
586,"2019-11-15 16:11:54","2019-11-15 16:11:54",NULL,"2019-11-15 16:11:54",4,0,0,1,1500,,373,231,NULL,NULL
587,"2019-11-15 16:11:55","2019-11-15 16:11:55",NULL,"2019-11-15 16:11:55",4,0,0,1,1500,,370,239,NULL,NULL
588,"2019-11-15 16:11:56","2019-11-15 16:11:56",NULL,"2019-11-15 16:11:56",4,0,0,1,1600,,370,241,NULL,NULL
589,"2019-11-15 16:11:57","2019-11-15 16:11:57",NULL,"2019-11-15 16:11:57",4,0,0,1,1600,,370,239,NULL,NULL
590,"2019-11-15 16:11:58","2019-11-15 16:11:58",NULL,"2019-11-15 16:11:58",4,0,0,1,1700,,411,204,NULL,NULL
591,"2019-11-15 16:11:59","2019-11-15 16:11:59",NULL,"2019-11-15 16:11:59",4,0,0,1,1700,,417,239,NULL,NULL
592,"2019-11-15 16:12:00","2019-11-15 16:12:00",NULL,"2019-11-15 16:12:00",4,0,0,1,1700,,411,246,NULL,NULL
593,"2019-11-15 16:12:01","2019-11-15 16:12:01",NULL,"2019-11-15 16:12:01",4,0,0,1,1700,,411,247,NULL,NULL
594,"2019-11-15 16:12:02","2019-11-15 16:12:02",NULL,"2019-11-15 16:12:02",4,0,0,1,1700,,390,274,NULL,NULL
595,"2019-11-15 16:12:03","2019-11-15 16:12:03",NULL,"2019-11-15 16:12:03",4,0,0,1,1700,,378,299,NULL,NULL
596,"2019-11-15 16:12:04","2019-11-15 16:12:04",NULL,"2019-11-15 16:12:04",4,0,0,1,1800,,389,274,NULL,NULL
597,"2019-11-15 16:12:05","2019-11-15 16:12:05",NULL,"2019-11-15 16:12:05",4,0,0,1,1800,,389,273,NULL,NULL
598,"2019-11-15 16:12:06","2019-11-15 16:12:06",NULL,"2019-11-15 16:12:06",4,0,0,1,1900,,389,273,NULL,NULL
599,"2019-11-15 16:12:07","2019-11-15 16:12:07",NULL,"2019-11-15 16:12:07",4,0,0,1,1900,,812,399,NULL,NULL
600,"2019-11-15 16:12:08","2019-11-15 16:12:08",NULL,"2019-11-15 16:12:08",4,0,0,1,1900,,862,241,NULL,NULL
601,"2019-11-15 16:12:09","2019-11-15 16:12:09",NULL,"2019-11-15 16:12:09",4,0,0,1,1900,,821,178,NULL,NULL
602,"2019-11-15 16:12:10","2019-11-15 16:12:10",NULL,"2019-11-15 16:12:10",4,0,0,1,1923,,786,243,NULL,NULL
603,"2019-11-15 16:12:11","2019-11-15 16:12:11",NULL,"2019-11-15 16:12:11",4,0,0,1,2000,,630,145,NULL,NULL
604,"2019-11-15 16:12:12","2019-11-15 16:12:12",NULL,"2019-11-15 16:12:12",4,0,0,1,2000,,616,158,NULL,NULL
605,"2019-11-15 16:12:13","2019-11-15 16:12:13",NULL,"2019-11-15 16:12:13",4,0,0,1,2000,,535,212,NULL,NULL
606,"2019-11-15 16:12:14","2019-11-15 16:12:14",NULL,"2019-11-15 16:12:14",4,0,0,1,2000,,502,242,NULL,NULL
607,"2019-11-15 16:12:15","2019-11-15 16:12:15",NULL,"2019-11-15 16:12:15",4,0,0,1,2000,,649,286,NULL,NULL
608,"2019-11-15 16:12:16","2019-11-15 16:12:16",NULL,"2019-11-15 16:12:16",4,0,0,1,2000,,691,339,NULL,NULL
609,"2019-11-15 16:12:17","2019-11-15 16:12:17",NULL,"2019-11-15 16:12:17",4,0,0,1,2100,,716,363,NULL,NULL
610,"2019-11-15 16:12:18","2019-11-15 16:12:18",NULL,"2019-11-15 16:12:18",4,0,0,1,2100,,816,343,NULL,NULL
611,"2019-11-15 16:12:19","2019-11-15 16:12:19",NULL,"2019-11-15 16:12:19",4,0,0,1,2100,,615,411,NULL,NULL
612,"2019-11-15 16:12:20","2019-11-15 16:12:20",NULL,"2019-11-15 16:12:20",4,0,0,1,2100,,626,421,NULL,NULL
613,"2019-11-15 16:12:21","2019-11-15 16:12:21",NULL,"2019-11-15 16:12:21",4,0,0,1,2200,,623,418,NULL,NULL
614,"2019-11-15 16:12:22","2019-11-15 16:12:22",NULL,"2019-11-15 16:12:22",4,0,0,1,2300,,477,315,NULL,NULL
615,"2019-11-15 16:12:23","2019-11-15 16:12:23",NULL,"2019-11-15 16:12:23",4,0,0,1,2400,,463,293,NULL,NULL
616,"2019-11-15 16:12:24","2019-11-15 16:12:24",NULL,"2019-11-15 16:12:24",4,0,0,1,2400,,657,288,NULL,NULL
617,"2019-11-15 16:12:25","2019-11-15 16:12:25",NULL,"2019-11-15 16:12:25",4,0,0,1,2400,,685,306,NULL,NULL
618,"2019-11-15 16:12:26","2019-11-15 16:12:26",NULL,"2019-11-15 16:12:26",4,0,0,1,2400,,676,328,NULL,NULL
619,"2019-11-15 16:12:27","2019-11-15 16:12:27",NULL,"2019-11-15 16:12:27",4,0,0,1,2464,,669,346,NULL,NULL
620,"2019-11-15 16:12:28","2019-11-15 16:12:28",NULL,"2019-11-15 16:12:28",4,0,0,1,2464,,648,337,NULL,NULL
621,"2019-11-15 16:12:29","2019-11-15 16:12:29",NULL,"2019-11-15 16:12:29",4,0,0,1,2464,,648,338,NULL,NULL
622,"2019-11-15 16:12:30","2019-11-15 16:12:30",NULL,"2019-11-15 16:12:30",4,0,0,1,2464,,827,408,NULL,NULL
623,"2019-11-15 16:12:31","2019-11-15 16:12:31",NULL,"2019-11-15 16:12:31",4,0,0,1,2464,,890,507,NULL,NULL
624,"2019-11-15 16:12:32","2019-11-15 16:12:32",NULL,"2019-11-15 16:12:32",4,0,0,1,2464,,926,530,NULL,NULL
625,"2019-11-15 16:12:33","2019-11-15 16:12:33",NULL,"2019-11-15 16:12:33",4,1,0,1,2464,,728,398,NULL,NULL
626,"2019-11-15 16:12:34","2019-11-15 16:12:34",NULL,"2019-11-15 16:12:34",4,0,0,1,2464,,615,266,NULL,NULL
627,"2019-11-15 16:12:35","2019-11-15 16:12:35",NULL,"2019-11-15 16:12:35",4,0,0,1,2464,,593,254,NULL,NULL
628,"2019-11-15 16:12:36","2019-11-15 16:12:36",NULL,"2019-11-15 16:12:36",4,0,0,1,2464,,561,179,NULL,NULL
629,"2019-11-15 16:12:37","2019-11-15 16:12:37",NULL,"2019-11-15 16:12:37",4,1,0,1,0,,553,179,NULL,NULL
630,"2019-11-15 16:12:38","2019-11-15 16:12:38",NULL,"2019-11-15 16:12:38",4,0,0,1,0,,551,291,NULL,NULL
631,"2019-11-15 16:12:39","2019-11-15 16:12:39",NULL,"2019-11-15 16:12:39",4,0,0,1,0,,534,282,NULL,NULL
632,"2019-11-15 16:12:40","2019-11-15 16:12:40",NULL,"2019-11-15 16:12:40",4,0,0,1,0,,513,257,NULL,NULL
633,"2019-11-15 16:12:41","2019-11-15 16:12:41",NULL,"2019-11-15 16:12:41",4,0,0,1,0,,512,254,NULL,NULL
634,"2019-11-15 16:12:42","2019-11-15 16:12:42",NULL,"2019-11-15 16:12:42",4,0,0,1,100,,512,253,NULL,NULL
635,"2019-11-15 16:12:43","2019-11-15 16:12:43",NULL,"2019-11-15 16:12:43",4,0,0,1,100,,521,229,NULL,NULL
636,"2019-11-15 16:12:44","2019-11-15 16:12:44",NULL,"2019-11-15 16:12:44",4,0,0,1,100,,520,231,NULL,NULL
637,"2019-11-15 16:12:45","2019-11-15 16:12:45",NULL,"2019-11-15 16:12:45",4,0,0,1,100,,519,232,NULL,NULL
638,"2019-11-15 16:12:46","2019-11-15 16:12:46",NULL,"2019-11-15 16:12:46",4,0,0,1,200,,489,264,NULL,NULL
639,"2019-11-15 16:12:47","2019-11-15 16:12:47",NULL,"2019-11-15 16:12:47",4,0,0,1,200,,489,247,NULL,NULL
640,"2019-11-15 16:12:48","2019-11-15 16:12:48",NULL,"2019-11-15 16:12:48",4,0,0,1,200,,504,215,NULL,NULL
641,"2019-11-15 16:12:49","2019-11-15 16:12:49",NULL,"2019-11-15 16:12:49",4,0,0,1,300,,500,218,NULL,NULL
642,"2019-11-15 16:12:50","2019-11-15 16:12:50",NULL,"2019-11-15 16:12:50",4,0,0,1,377,,492,234,NULL,NULL
643,"2019-11-15 16:12:51","2019-11-15 16:12:51",NULL,"2019-11-15 16:12:51",4,0,0,1,400,,491,235,NULL,NULL
644,"2019-11-15 16:12:52","2019-11-15 16:12:52",NULL,"2019-11-15 16:12:52",4,0,0,1,400,,689,334,NULL,NULL
645,"2019-11-15 16:12:53","2019-11-15 16:12:53",NULL,"2019-11-15 16:12:53",4,0,0,1,500,,499,290,NULL,NULL
646,"2019-11-15 16:12:54","2019-11-15 16:12:54",NULL,"2019-11-15 16:12:54",4,0,0,1,500,,498,293,NULL,NULL
647,"2019-11-15 16:12:55","2019-11-15 16:12:55",NULL,"2019-11-15 16:12:55",4,0,0,1,500,,463,314,NULL,NULL
648,"2019-11-15 16:12:56","2019-11-15 16:12:56",NULL,"2019-11-15 16:12:56",4,0,0,1,500,,475,348,NULL,NULL
649,"2019-11-15 16:12:57","2019-11-15 16:12:57",NULL,"2019-11-15 16:12:57",4,0,0,1,600,,741,441,NULL,NULL
650,"2019-11-15 16:12:58","2019-11-15 16:12:58",NULL,"2019-11-15 16:12:58",4,0,0,1,700,,529,436,NULL,NULL
651,"2019-11-15 16:12:59","2019-11-15 16:12:59",NULL,"2019-11-15 16:12:59",4,0,0,1,800,,776,437,NULL,NULL
652,"2019-11-15 16:13:00","2019-11-15 16:13:00",NULL,"2019-11-15 16:13:00",4,0,0,1,800,,675,528,NULL,NULL
653,"2019-11-15 16:13:01","2019-11-15 16:13:01",NULL,"2019-11-15 16:13:01",4,0,0,1,900,,806,536,NULL,NULL
654,"2019-11-15 16:13:02","2019-11-15 16:13:02",NULL,"2019-11-15 16:13:02",4,0,0,1,1050,,793,535,NULL,NULL
655,"2019-11-15 16:13:03","2019-11-15 16:13:03",NULL,"2019-11-15 16:13:03",4,0,0,1,1200,,681,469,NULL,NULL
656,"2019-11-15 16:13:04","2019-11-15 16:13:04",NULL,"2019-11-15 16:13:04",4,0,0,1,1423,,678,469,NULL,NULL
657,"2019-11-15 16:13:05","2019-11-15 16:13:05",NULL,"2019-11-15 16:13:05",4,0,0,1,1800,,495,417,NULL,NULL
658,"2019-11-15 16:13:06","2019-11-15 16:13:06",NULL,"2019-11-15 16:13:06",4,0,0,1,1900,,526,461,NULL,NULL
659,"2019-11-15 16:13:07","2019-11-15 16:13:07",NULL,"2019-11-15 16:13:07",4,0,0,1,1900,,910,617,NULL,NULL
660,"2019-11-15 16:13:08","2019-11-15 16:13:08",NULL,"2019-11-15 16:13:08",4,1,0,1,1900,,467,288,NULL,NULL
661,"2019-11-15 16:13:09","2019-11-15 16:13:09",NULL,"2019-11-15 16:13:09",4,0,0,1,1900,,489,159,NULL,NULL
662,"2019-11-15 16:13:10","2019-11-15 16:13:10",NULL,"2019-11-15 16:13:10",4,0,0,1,1900,,581,91,NULL,NULL
663,"2019-11-15 16:13:11","2019-11-15 16:13:11",NULL,"2019-11-15 16:13:11",4,0,0,1,1900,,555,192,NULL,NULL
664,"2019-11-15 16:13:12","2019-11-15 16:13:12",NULL,"2019-11-15 16:13:12",4,1,0,1,0,,554,195,NULL,NULL
665,"2019-11-15 16:13:13","2019-11-15 16:13:13",NULL,"2019-11-15 16:13:13",4,0,0,1,0,,537,230,NULL,NULL
666,"2019-11-15 16:13:14","2019-11-15 16:13:14",NULL,"2019-11-15 16:13:14",4,0,0,1,0,,549,215,NULL,NULL
667,"2019-11-15 16:13:15","2019-11-15 16:13:15",NULL,"2019-11-15 16:13:16",4,0,0,1,0,,519,235,NULL,NULL
668,"2019-11-15 16:13:16","2019-11-15 16:13:16",NULL,"2019-11-15 16:13:17",4,0,0,1,100,,484,287,NULL,NULL
669,"2019-11-15 16:13:17","2019-11-15 16:13:17",NULL,"2019-11-15 16:13:18",4,0,0,1,100,,503,242,NULL,NULL
670,"2019-11-15 16:13:18","2019-11-15 16:13:18",NULL,"2019-11-15 16:13:19",4,0,0,1,100,,494,284,NULL,NULL
671,"2019-11-15 16:13:19","2019-11-15 16:13:19",NULL,"2019-11-15 16:13:20",4,0,0,1,100,,530,287,NULL,NULL
672,"2019-11-15 16:13:20","2019-11-15 16:13:20",NULL,"2019-11-15 16:13:21",4,0,0,1,100,,521,260,NULL,NULL
673,"2019-11-15 16:13:21","2019-11-15 16:13:21",NULL,"2019-11-15 16:13:22",4,0,0,1,100,,453,278,NULL,NULL
674,"2019-11-15 16:13:22","2019-11-15 16:13:22",NULL,"2019-11-15 16:13:23",4,0,0,1,100,,452,281,NULL,NULL
675,"2019-11-15 16:13:23","2019-11-15 16:13:23",NULL,"2019-11-15 16:13:24",4,0,0,1,200,,440,246,NULL,NULL
676,"2019-11-15 16:13:24","2019-11-15 16:13:24",NULL,"2019-11-15 16:13:25",4,0,0,1,200,,429,261,NULL,NULL
677,"2019-11-15 16:13:25","2019-11-15 16:13:25",NULL,"2019-11-15 16:13:26",4,0,0,1,200,,420,287,NULL,NULL
678,"2019-11-15 16:13:26","2019-11-15 16:13:26",NULL,"2019-11-15 16:13:27",4,0,0,1,200,,455,316,NULL,NULL
679,"2019-11-15 16:13:27","2019-11-15 16:13:27",NULL,"2019-11-15 16:13:28",4,0,0,1,300,,462,329,NULL,NULL
680,"2019-11-15 16:13:28","2019-11-15 16:13:28",NULL,"2019-11-15 16:13:29",4,0,0,1,400,,505,327,NULL,NULL
681,"2019-11-15 16:13:29","2019-11-15 16:13:29",NULL,"2019-11-15 16:13:30",4,0,0,1,400,,450,277,NULL,NULL
682,"2019-11-15 16:13:30","2019-11-15 16:13:30",NULL,"2019-11-15 16:13:31",4,0,0,1,500,,561,221,NULL,NULL
683,"2019-11-15 16:13:31","2019-11-15 16:13:31",NULL,"2019-11-15 16:13:32",4,0,0,1,500,,603,203,NULL,NULL
684,"2019-11-15 16:13:32","2019-11-15 16:13:32",NULL,"2019-11-15 16:13:33",4,0,0,1,500,,565,251,NULL,NULL
685,"2019-11-15 16:13:33","2019-11-15 16:13:33",NULL,"2019-11-15 16:13:34",4,0,0,1,600,,542,278,NULL,NULL
686,"2019-11-15 16:13:34","2019-11-15 16:13:34",NULL,"2019-11-15 16:13:35",4,0,0,1,606,,546,265,NULL,NULL
687,"2019-11-15 16:13:35","2019-11-15 16:13:35",NULL,"2019-11-15 16:13:36",4,0,0,1,700,,546,265,NULL,NULL
688,"2019-11-15 16:13:36","2019-11-15 16:13:36",NULL,"2019-11-15 16:13:37",4,0,0,1,700,,543,237,NULL,NULL
689,"2019-11-15 16:13:37","2019-11-15 16:13:37",NULL,"2019-11-15 16:13:38",4,0,0,1,700,,563,209,NULL,NULL
690,"2019-11-15 16:13:38","2019-11-15 16:13:38",NULL,"2019-11-15 16:13:39",4,0,0,1,750,,569,225,NULL,NULL
691,"2019-11-15 16:13:39","2019-11-15 16:13:39",NULL,"2019-11-15 16:13:40",4,0,0,1,900,,571,225,NULL,NULL
692,"2019-11-15 16:13:40","2019-11-15 16:13:40",NULL,"2019-11-15 16:13:41",4,0,0,1,900,,571,210,NULL,NULL
693,"2019-11-15 16:13:41","2019-11-15 16:13:41",NULL,"2019-11-15 16:13:42",4,0,0,1,900,,561,199,NULL,NULL
694,"2019-11-15 16:13:42","2019-11-15 16:13:42",NULL,"2019-11-15 16:13:43",4,0,0,1,1000,,532,235,NULL,NULL
695,"2019-11-15 16:13:43","2019-11-15 16:13:43",NULL,"2019-11-15 16:13:44",4,0,0,1,1000,,460,199,NULL,NULL
696,"2019-11-15 16:13:44","2019-11-15 16:13:44",NULL,"2019-11-15 16:13:45",4,0,0,1,1064,,460,199,NULL,NULL
697,"2019-11-15 16:13:45","2019-11-15 16:13:45",NULL,"2019-11-15 16:13:46",4,0,0,1,1100,,484,270,NULL,NULL
698,"2019-11-15 16:13:46","2019-11-15 16:13:46",NULL,"2019-11-15 16:13:47",4,0,0,1,1206,,613,334,NULL,NULL
699,"2019-11-15 16:13:47","2019-11-15 16:13:47",NULL,"2019-11-15 16:13:48",4,0,0,1,1987,,655,358,NULL,NULL
700,"2019-11-15 16:13:48","2019-11-15 16:13:48",NULL,"2019-11-15 16:13:49",4,0,0,1,2100,,664,407,NULL,NULL
701,"2019-11-15 16:13:49","2019-11-15 16:13:49",NULL,"2019-11-15 16:13:50",4,0,0,1,2466,,666,408,NULL,NULL
702,"2019-11-15 16:13:50","2019-11-15 16:13:50",NULL,"2019-11-15 16:13:51",4,0,0,1,2992,,670,427,NULL,NULL
703,"2019-11-15 16:13:51","2019-11-15 16:13:51",NULL,"2019-11-15 16:13:52",4,0,0,1,2992,,929,536,NULL,NULL
704,"2019-11-15 16:13:52","2019-11-15 16:13:52",NULL,"2019-11-15 16:13:53",4,1,0,1,2992,,607,292,NULL,NULL
705,"2019-11-15 16:13:53","2019-11-15 16:13:53",NULL,"2019-11-15 16:13:54",4,0,0,1,2992,,544,76,NULL,NULL
706,"2019-11-15 16:13:54","2019-11-15 16:13:54",NULL,"2019-11-15 16:13:55",4,0,0,1,2992,,554,134,NULL,NULL
707,"2019-11-15 16:13:55","2019-11-15 16:13:55",NULL,"2019-11-15 16:13:56",4,0,0,1,2992,,558,157,NULL,NULL
708,"2019-11-15 16:13:56","2019-11-15 16:13:56",NULL,"2019-11-15 16:13:57",4,0,0,1,2992,,558,160,NULL,NULL
709,"2019-11-15 16:13:58","2019-11-15 16:13:58",NULL,"2019-11-15 16:13:59",4,1,0,1,2992,,558,160,NULL,NULL
710,"2019-11-15 16:13:59","2019-11-15 16:13:59",NULL,"2019-11-15 16:14:00",4,0,0,1,0,,492,329,NULL,NULL
711,"2019-11-15 16:14:00","2019-11-15 16:14:00",NULL,"2019-11-15 16:14:01",4,0,0,1,100,,494,322,NULL,NULL
712,"2019-11-15 16:14:01","2019-11-15 16:14:01",NULL,"2019-11-15 16:14:02",4,0,0,1,100,,480,340,NULL,NULL
713,"2019-11-15 16:14:02","2019-11-15 16:14:02",NULL,"2019-11-15 16:14:03",4,0,0,1,100,,469,381,NULL,NULL
714,"2019-11-15 16:14:04","2019-11-15 16:14:04",NULL,"2019-11-15 16:14:05",4,0,0,1,100,,469,388,NULL,NULL
715,"2019-11-15 16:14:05","2019-11-15 16:14:05",NULL,"2019-11-15 16:14:06",4,0,0,1,100,,447,340,NULL,NULL
716,"2019-11-15 16:14:06","2019-11-15 16:14:06",NULL,"2019-11-15 16:14:07",4,0,0,1,100,,357,387,NULL,NULL
717,"2019-11-15 16:14:07","2019-11-15 16:14:07",NULL,"2019-11-15 16:14:08",4,0,0,1,100,,330,398,NULL,NULL
718,"2019-11-15 16:14:08","2019-11-15 16:14:08",NULL,"2019-11-15 16:14:09",4,0,0,1,100,,270,419,NULL,NULL
719,"2019-11-15 16:14:09","2019-11-15 16:14:09",NULL,"2019-11-15 16:14:10",4,0,0,1,100,,301,461,NULL,NULL
720,"2019-11-15 16:14:10","2019-11-15 16:14:10",NULL,"2019-11-15 16:14:11",4,0,0,1,200,,380,489,NULL,NULL
721,"2019-11-15 16:14:11","2019-11-15 16:14:11",NULL,"2019-11-15 16:14:12",4,0,0,1,200,,374,451,NULL,NULL
722,"2019-11-15 16:14:12","2019-11-15 16:14:12",NULL,"2019-11-15 16:14:13",4,0,0,1,200,,367,417,NULL,NULL
723,"2019-11-15 16:14:13","2019-11-15 16:14:13",NULL,"2019-11-15 16:14:14",4,0,0,1,200,,343,458,NULL,NULL
724,"2019-11-15 16:14:14","2019-11-15 16:14:14",NULL,"2019-11-15 16:14:15",4,0,0,1,295,,449,493,NULL,NULL
725,"2019-11-15 16:14:15","2019-11-15 16:14:15",NULL,"2019-11-15 16:14:16",4,0,0,1,300,,439,404,NULL,NULL
726,"2019-11-15 16:14:16","2019-11-15 16:14:16",NULL,"2019-11-15 16:14:17",4,0,0,1,300,,449,379,NULL,NULL
727,"2019-11-15 16:14:17","2019-11-15 16:14:17",NULL,"2019-11-15 16:14:18",4,0,0,1,300,,397,473,NULL,NULL
728,"2019-11-15 16:14:18","2019-11-15 16:14:18",NULL,"2019-11-15 16:14:19",4,0,0,1,300,,406,462,NULL,NULL
729,"2019-11-15 16:14:19","2019-11-15 16:14:19",NULL,"2019-11-15 16:14:20",4,0,0,1,300,,397,479,NULL,NULL
730,"2019-11-15 16:14:20","2019-11-15 16:14:20",NULL,"2019-11-15 16:14:21",4,0,0,1,388,,423,496,NULL,NULL
731,"2019-11-15 16:14:21","2019-11-15 16:14:21",NULL,"2019-11-15 16:14:22",4,0,0,1,400,,417,445,NULL,NULL
732,"2019-11-15 16:14:23","2019-11-15 16:14:23",NULL,"2019-11-15 16:14:24",4,0,0,1,400,,411,465,NULL,NULL
733,"2019-11-15 16:14:24","2019-11-15 16:14:24",NULL,"2019-11-15 16:14:25",4,0,0,1,500,,421,458,NULL,NULL
734,"2019-11-15 16:14:25","2019-11-15 16:14:25",NULL,"2019-11-15 16:14:26",4,0,0,1,500,,429,447,NULL,NULL
735,"2019-11-15 16:14:26","2019-11-15 16:14:26",NULL,"2019-11-15 16:14:27",4,0,0,1,600,,429,451,NULL,NULL
736,"2019-11-15 16:14:27","2019-11-15 16:14:27",NULL,"2019-11-15 16:14:28",4,0,0,1,600,,428,451,NULL,NULL
737,"2019-11-15 16:14:28","2019-11-15 16:14:28",NULL,"2019-11-15 16:14:29",4,0,0,1,700,,545,356,NULL,NULL
738,"2019-11-15 16:14:29","2019-11-15 16:14:29",NULL,"2019-11-15 16:14:30",4,0,0,1,800,,544,357,NULL,NULL
739,"2019-11-15 16:14:30","2019-11-15 16:14:30",NULL,"2019-11-15 16:14:31",4,0,0,1,800,,540,351,NULL,NULL
740,"2019-11-15 16:14:31","2019-11-15 16:14:31",NULL,"2019-11-15 16:14:32",4,0,0,1,900,,539,351,NULL,NULL
741,"2019-11-15 16:14:32","2019-11-15 16:14:32",NULL,"2019-11-15 16:14:33",4,0,0,1,1000,,539,351,NULL,NULL
742,"2019-11-15 16:14:33","2019-11-15 16:14:33",NULL,"2019-11-15 16:14:34",4,0,0,1,1000,,504,374,NULL,NULL
743,"2019-11-15 16:14:34","2019-11-15 16:14:34",NULL,"2019-11-15 16:14:35",4,0,0,1,1006,,489,425,NULL,NULL
744,"2019-11-15 16:14:35","2019-11-15 16:14:35",NULL,"2019-11-15 16:14:36",4,0,0,1,1100,,488,431,NULL,NULL
745,"2019-11-15 16:14:36","2019-11-15 16:14:36",NULL,"2019-11-15 16:14:37",4,0,0,1,1200,,488,431,NULL,NULL
746,"2019-11-15 16:14:37","2019-11-15 16:14:37",NULL,"2019-11-15 16:14:38",4,0,0,1,1200,,485,401,NULL,NULL
747,"2019-11-15 16:14:38","2019-11-15 16:14:38",NULL,"2019-11-15 16:14:39",4,0,0,1,1200,,488,389,NULL,NULL
748,"2019-11-15 16:14:39","2019-11-15 16:14:39",NULL,"2019-11-15 16:14:40",4,0,0,1,1300,,488,411,NULL,NULL
749,"2019-11-15 16:14:40","2019-11-15 16:14:40",NULL,"2019-11-15 16:14:41",4,0,0,1,1400,,488,411,NULL,NULL
750,"2019-11-15 16:14:41","2019-11-15 16:14:41",NULL,"2019-11-15 16:14:42",4,0,0,1,1600,,482,420,NULL,NULL
751,"2019-11-15 16:14:43","2019-11-15 16:14:43",NULL,"2019-11-15 16:14:44",4,0,0,1,1700,,477,430,NULL,NULL
752,"2019-11-15 16:14:44","2019-11-15 16:14:44",NULL,"2019-11-15 16:14:45",4,0,0,1,1900,,476,429,NULL,NULL
753,"2019-11-15 16:14:45","2019-11-15 16:14:45",NULL,"2019-11-15 16:14:46",4,0,0,1,2000,,476,429,NULL,NULL
754,"2019-11-15 16:14:47","2019-11-15 16:14:47",NULL,"2019-11-15 16:14:48",4,0,0,1,2200,,476,429,NULL,NULL
755,"2019-11-15 16:14:48","2019-11-15 16:14:48",NULL,"2019-11-15 16:14:49",4,0,0,1,2200,,927,607,NULL,NULL
756,"2019-11-15 16:14:49","2019-11-15 16:14:49",NULL,"2019-11-15 16:14:50",4,1,0,1,2200,,496,355,NULL,NULL
757,"2019-11-15 16:14:50","2019-11-15 16:14:50",NULL,"2019-11-15 16:14:51",4,0,0,1,2200,,534,240,NULL,NULL
758,"2019-11-15 16:14:51","2019-11-15 16:14:51",NULL,"2019-11-15 16:14:52",4,0,0,1,2200,,517,192,NULL,NULL
759,"2019-11-15 16:14:52","2019-11-15 16:14:52",NULL,"2019-11-15 16:14:53",4,1,0,1,2200,,498,159,NULL,NULL
760,"2019-11-15 16:14:53","2019-11-15 16:14:53",NULL,"2019-11-15 16:14:54",4,0,0,1,0,,616,356,NULL,NULL
761,"2019-11-15 16:14:54","2019-11-15 16:14:54",NULL,"2019-11-15 16:14:55",4,0,0,1,100,,618,361,NULL,NULL
762,"2019-11-15 16:14:55","2019-11-15 16:14:55",NULL,"2019-11-15 16:14:56",4,0,0,1,100,,621,331,NULL,NULL
763,"2019-11-15 16:14:57","2019-11-15 16:14:57",NULL,"2019-11-15 16:14:58",4,0,0,1,200,,621,331,NULL,NULL
764,"2019-11-15 16:14:58","2019-11-15 16:14:58",NULL,"2019-11-15 16:14:59",4,0,0,1,200,,619,333,NULL,NULL
765,"2019-11-15 16:14:59","2019-11-15 16:14:59",NULL,"2019-11-15 16:15:00",4,0,0,1,200,,572,421,NULL,NULL
766,"2019-11-15 16:15:00","2019-11-15 16:15:00",NULL,"2019-11-15 16:15:01",4,0,0,1,300,,537,413,NULL,NULL
767,"2019-11-15 16:15:03","2019-11-15 16:15:03",NULL,"2019-11-15 16:15:04",4,0,0,1,400,,534,406,NULL,NULL
768,"2019-11-15 16:15:04","2019-11-15 16:15:04",NULL,"2019-11-15 16:15:05",4,0,0,1,495,,533,407,NULL,NULL
769,"2019-11-15 16:15:05","2019-11-15 16:15:05",NULL,"2019-11-15 16:15:06",4,0,0,1,500,,526,413,NULL,NULL
770,"2019-11-15 16:15:06","2019-11-15 16:15:06",NULL,"2019-11-15 16:15:07",4,0,0,1,500,,525,414,NULL,NULL
771,"2019-11-15 16:15:07","2019-11-15 16:15:07",NULL,"2019-11-15 16:15:08",4,0,0,1,500,,524,413,NULL,NULL
772,"2019-11-15 16:15:09","2019-11-15 16:15:09",NULL,"2019-11-15 16:15:10",4,0,0,1,500,,503,295,NULL,NULL
773,"2019-11-15 16:15:10","2019-11-15 16:15:10",NULL,"2019-11-15 16:15:11",4,0,0,1,500,,523,270,NULL,NULL
774,"2019-11-15 16:15:11","2019-11-15 16:15:11",NULL,"2019-11-15 16:15:12",4,1,0,1,500,,501,300,NULL,NULL
775,"2019-11-15 16:15:12","2019-11-15 16:15:12",NULL,"2019-11-15 16:15:13",4,0,0,1,500,,464,482,NULL,NULL
776,"2019-11-15 16:15:13","2019-11-15 16:15:13",NULL,"2019-11-15 16:15:14",4,0,0,1,600,,464,481,NULL,NULL
777,"2019-11-15 16:15:14","2019-11-15 16:15:14",NULL,"2019-11-15 16:15:15",4,0,0,1,700,,464,459,NULL,NULL
778,"2019-11-15 16:15:15","2019-11-15 16:15:15",NULL,"2019-11-15 16:15:16",4,0,0,1,700,,462,457,NULL,NULL
779,"2019-11-15 16:15:16","2019-11-15 16:15:16",NULL,"2019-11-15 16:15:17",4,0,0,1,700,,459,455,NULL,NULL
780,"2019-11-15 16:15:17","2019-11-15 16:15:17",NULL,"2019-11-15 16:15:18",4,0,0,1,800,,459,455,NULL,NULL
781,"2019-11-15 16:15:18","2019-11-15 16:15:18",NULL,"2019-11-15 16:15:19",4,0,0,1,836,,459,455,NULL,NULL
782,"2019-11-15 16:15:19","2019-11-15 16:15:19",NULL,"2019-11-15 16:15:20",4,0,0,1,900,,458,454,NULL,NULL
783,"2019-11-15 16:15:20","2019-11-15 16:15:20",NULL,"2019-11-15 16:15:21",4,0,0,1,1000,,489,419,NULL,NULL
784,"2019-11-15 16:15:21","2019-11-15 16:15:21",NULL,"2019-11-15 16:15:22",4,0,0,1,1000,,492,411,NULL,NULL
785,"2019-11-15 16:15:22","2019-11-15 16:15:22",NULL,"2019-11-15 16:15:23",4,0,0,1,1100,,487,416,NULL,NULL
786,"2019-11-15 16:15:23","2019-11-15 16:15:23",NULL,"2019-11-15 16:15:24",4,0,0,1,1100,,479,439,NULL,NULL
787,"2019-11-15 16:15:24","2019-11-15 16:15:24",NULL,"2019-11-15 16:15:25",4,0,0,1,1100,,549,463,NULL,NULL
788,"2019-11-15 16:15:25","2019-11-15 16:15:25",NULL,"2019-11-15 16:15:26",4,0,0,1,1100,,650,432,NULL,NULL
789,"2019-11-15 16:15:26","2019-11-15 16:15:26",NULL,"2019-11-15 16:15:27",4,0,0,1,1200,,637,437,NULL,NULL
790,"2019-11-15 16:15:27","2019-11-15 16:15:27",NULL,"2019-11-15 16:15:28",4,0,0,1,1200,,616,406,NULL,NULL
791,"2019-11-15 16:15:28","2019-11-15 16:15:28",NULL,"2019-11-15 16:15:29",4,0,0,1,1200,,582,427,NULL,NULL
792,"2019-11-15 16:15:29","2019-11-15 16:15:29",NULL,"2019-11-15 16:15:30",4,0,0,1,1200,,567,435,NULL,NULL
793,"2019-11-15 16:15:30","2019-11-15 16:15:30",NULL,"2019-11-15 16:15:31",4,0,0,1,1200,,563,440,NULL,NULL
794,"2019-11-15 16:15:31","2019-11-15 16:15:31",NULL,"2019-11-15 16:15:32",4,0,0,1,1213,,556,426,NULL,NULL
795,"2019-11-15 16:15:32","2019-11-15 16:15:32",NULL,"2019-11-15 16:15:33",4,0,0,1,1400,,555,426,NULL,NULL
796,"2019-11-15 16:15:34","2019-11-15 16:15:34",NULL,"2019-11-15 16:15:35",4,0,0,1,1400,,610,241,NULL,NULL
797,"2019-11-15 16:15:35","2019-11-15 16:15:35",NULL,"2019-11-15 16:15:36",4,1,0,1,1400,,588,518,NULL,NULL
798,"2019-11-15 16:15:36","2019-11-15 16:15:36",NULL,"2019-11-15 16:15:37",4,0,0,1,1500,,580,485,NULL,NULL
799,"2019-11-15 16:15:37","2019-11-15 16:15:37",NULL,"2019-11-15 16:15:38",4,0,0,1,1600,,580,472,NULL,NULL
800,"2019-11-15 16:15:38","2019-11-15 16:15:38",NULL,"2019-11-15 16:15:39",4,0,0,1,1700,,580,472,NULL,NULL
801,"2019-11-15 16:15:39","2019-11-15 16:15:39",NULL,"2019-11-15 16:15:40",4,0,0,1,1800,,580,472,NULL,NULL
802,"2019-11-15 16:15:40","2019-11-15 16:15:40",NULL,"2019-11-15 16:15:41",4,0,0,1,2000,,577,476,NULL,NULL
803,"2019-11-15 16:15:41","2019-11-15 16:15:41",NULL,"2019-11-15 16:15:42",4,0,0,1,2300,,577,475,NULL,NULL
804,"2019-11-15 16:15:42","2019-11-15 16:15:42",NULL,"2019-11-15 16:15:43",4,0,0,1,2300,,577,450,NULL,NULL
805,"2019-11-15 16:15:43","2019-11-15 16:15:43",NULL,"2019-11-15 16:15:44",4,0,0,1,2550,,573,465,NULL,NULL
806,"2019-11-15 16:15:44","2019-11-15 16:15:44",NULL,"2019-11-15 16:15:45",4,0,0,1,2600,,591,440,NULL,NULL
807,"2019-11-15 16:15:45","2019-11-15 16:15:45",NULL,"2019-11-15 16:15:46",4,0,0,1,2700,,585,442,NULL,NULL
808,"2019-11-15 16:15:46","2019-11-15 16:15:46",NULL,"2019-11-15 16:15:47",4,0,0,1,2900,,584,443,NULL,NULL
809,"2019-11-15 16:15:47","2019-11-15 16:15:47",NULL,"2019-11-15 16:15:48",4,0,0,1,2900,,985,590,NULL,NULL
810,"2019-11-15 16:15:48","2019-11-15 16:15:48",NULL,"2019-11-15 16:15:49",4,1,0,1,2900,,978,557,NULL,NULL
811,"2019-11-15 16:15:49","2019-11-15 16:15:49",NULL,"2019-11-15 16:15:50",4,0,0,1,2900,,725,182,NULL,NULL
812,"2019-11-15 16:15:50","2019-11-15 16:15:50",NULL,"2019-11-15 16:15:51",4,0,0,1,2900,,779,107,NULL,NULL
813,"2019-11-15 16:15:51","2019-11-15 16:15:51",NULL,"2019-11-15 16:15:52",4,0,0,1,2900,,768,107,NULL,NULL
814,"2019-11-15 16:15:52","2019-11-15 16:15:52",NULL,"2019-11-15 16:15:53",4,0,0,1,2900,,513,179,NULL,NULL
815,"2019-11-18 12:25:53","2019-11-18 12:25:53",NULL,"2019-11-18 12:25:53",5,0,0,0,0,,743,835,NULL,NULL
816,"2019-11-18 12:25:54","2019-11-18 12:25:54",NULL,"2019-11-18 12:25:54",5,0,0,0,112,,761,514,NULL,NULL
817,"2019-11-18 12:25:55","2019-11-18 12:25:55",NULL,"2019-11-18 12:25:55",5,0,0,0,843,,761,514,NULL,NULL
818,"2019-11-18 12:25:56","2019-11-18 12:25:56",NULL,"2019-11-18 12:25:56",5,0,0,0,843,,901,387,NULL,NULL
819,"2019-11-18 12:25:57","2019-11-18 12:25:57",NULL,"2019-11-18 12:25:57",5,0,0,0,843,,754,685,NULL,NULL
820,"2019-11-18 12:25:58","2019-11-18 12:25:58",NULL,"2019-11-18 12:25:58",5,0,0,0,843,,763,599,NULL,NULL
821,"2019-11-18 12:25:59","2019-11-18 12:25:59",NULL,"2019-11-18 12:25:59",5,1,0,1,1223,,763,599,NULL,NULL
822,"2019-11-18 12:26:00","2019-11-18 12:26:00",NULL,"2019-11-18 12:26:00",5,1,0,1,1223,,1308,814,NULL,NULL
823,"2019-11-18 12:26:01","2019-11-18 12:26:01",NULL,"2019-11-18 12:26:01",5,0,0,1,1223,,829,35,NULL,NULL
824,"2019-11-18 12:26:02","2019-11-18 12:26:02",NULL,"2019-11-18 12:26:02",5,1,0,1,1223,,752,126,NULL,NULL
825,"2019-11-18 12:26:03","2019-11-18 12:26:03",NULL,"2019-11-18 12:26:03",5,0,0,0,0,,904,337,NULL,NULL
826,"2019-11-18 12:26:45","2019-11-18 12:26:45",NULL,"2019-11-18 12:26:45",5,0,0,1,0,,914,11,NULL,NULL
827,"2019-11-18 12:26:47","2019-11-18 12:26:47",NULL,"2019-11-18 12:26:47",5,0,0,0,0,,914,11,NULL,NULL
828,"2019-11-18 12:27:56","2019-11-18 12:27:56",NULL,"2019-11-18 12:27:56",5,0,0,1,0,,760,361,NULL,NULL
829,"2019-11-18 12:27:57","2019-11-18 12:27:57",NULL,"2019-11-18 12:27:57",5,1,0,1,0,,1021,482,NULL,NULL
830,"2019-11-18 12:27:58","2019-11-18 12:27:58",NULL,"2019-11-18 12:27:58",5,0,0,1,540,,1021,482,NULL,NULL
831,"2019-11-18 12:27:59","2019-11-18 12:27:59",NULL,"2019-11-18 12:27:59",5,0,0,0,540,,1021,482,NULL,NULL
832,"2019-11-18 12:29:17","2019-11-18 12:29:17",NULL,"2019-11-18 12:29:17",5,0,0,1,540,,1192,596,NULL,NULL
833,"2019-11-18 12:29:18","2019-11-18 12:29:18",NULL,"2019-11-18 12:29:18",5,1,0,1,540,,810,196,NULL,NULL
834,"2019-11-18 12:29:19","2019-11-18 12:29:19",NULL,"2019-11-18 12:29:19",5,0,0,1,540,,579,39,NULL,NULL
835,"2019-11-18 12:29:21","2019-11-18 12:29:21",NULL,"2019-11-18 12:29:21",5,0,0,0,540,,579,39,NULL,NULL
836,"2019-11-18 13:56:27","2019-11-18 13:56:27",NULL,"2019-11-18 13:56:26",5,0,0,1,1120,,797,381,NULL,NULL
837,"2019-11-18 13:56:28","2019-11-18 13:56:28",NULL,"2019-11-18 13:56:27",5,1,0,1,1367,,1320,808,NULL,NULL
838,"2019-11-18 13:56:29","2019-11-18 13:56:29",NULL,"2019-11-18 13:56:28",5,0,0,1,1367,,878,188,NULL,NULL
839,"2019-11-18 13:56:30","2019-11-18 13:56:30",NULL,"2019-11-18 13:56:29",5,1,0,1,0,,878,188,NULL,NULL
840,"2019-11-18 13:56:31","2019-11-18 13:56:31",NULL,"2019-11-18 13:56:30",5,0,0,0,0,,915,231,NULL,NULL
841,"2019-11-18 13:56:37","2019-11-18 13:56:37",NULL,"2019-11-18 13:56:36",5,0,0,1,0,,1417,615,NULL,NULL
842,"2019-11-18 13:56:38","2019-11-18 13:56:38",NULL,"2019-11-18 13:56:37",5,0,0,1,0,,746,160,NULL,NULL
843,"2019-11-18 13:56:39","2019-11-18 13:56:39",NULL,"2019-11-18 13:56:38",5,0,0,0,0,,746,160,NULL,NULL
844,"2019-11-18 13:57:04","2019-11-18 13:57:04",NULL,"2019-11-18 13:57:03",5,0,0,1,0,,117,464,NULL,NULL
845,"2019-11-18 13:57:05","2019-11-18 13:57:05",NULL,"2019-11-18 13:57:04",5,0,0,0,0,,117,464,NULL,NULL
846,"2019-11-18 13:57:06","2019-11-18 13:57:06",NULL,"2019-11-18 13:57:05",5,0,0,0,0,,913,712,NULL,NULL
847,"2019-11-18 13:57:10","2019-11-18 13:57:10",NULL,"2019-11-18 13:57:09",5,0,0,1,0,,7,597,NULL,NULL
848,"2019-11-18 13:57:13","2019-11-18 13:57:13",NULL,"2019-11-18 13:57:12",5,0,0,0,0,,7,597,NULL,NULL
849,"2019-11-18 13:59:16","2019-11-18 13:59:16",NULL,"2019-11-18 13:59:15",5,0,0,1,0,,93,250,NULL,NULL
850,"2019-11-18 13:59:17","2019-11-18 13:59:17",NULL,"2019-11-18 13:59:16",5,0,0,1,1367,,1182,820,NULL,NULL
851,"2019-11-18 13:59:18","2019-11-18 13:59:18",NULL,"2019-11-18 13:59:17",5,1,0,1,1367,,1181,565,NULL,NULL
852,"2019-11-18 13:59:19","2019-11-18 13:59:19",NULL,"2019-11-18 13:59:18",5,0,0,1,1367,,947,256,NULL,NULL
853,"2019-11-18 13:59:20","2019-11-18 13:59:20",NULL,"2019-11-18 13:59:19",5,1,0,1,1367,,942,211,NULL,NULL
854,"2019-11-18 13:59:21","2019-11-18 13:59:21",NULL,"2019-11-18 13:59:20",5,0,0,0,0,,942,211,NULL,NULL
855,"2019-11-18 13:59:24","2019-11-18 13:59:24",NULL,"2019-11-18 13:59:24",5,0,0,1,0,,942,211,NULL,NULL
856,"2019-11-18 13:59:26","2019-11-18 13:59:26",NULL,"2019-11-18 13:59:26",5,0,0,0,0,,942,211,NULL,NULL
857,"2019-11-18 13:59:29","2019-11-18 13:59:29",NULL,"2019-11-18 13:59:29",5,0,0,1,0,,942,211,NULL,NULL
858,"2019-11-18 13:59:32","2019-11-18 13:59:32",NULL,"2019-11-18 13:59:32",5,0,0,0,0,,942,211,NULL,NULL
859,"2019-11-18 13:59:33","2019-11-18 13:59:33",NULL,"2019-11-18 13:59:33",5,0,0,0,0,,905,180,NULL,NULL
860,"2019-11-18 13:59:44","2019-11-18 13:59:44",NULL,"2019-11-18 13:59:44",5,0,0,1,0,,779,264,NULL,NULL
861,"2019-11-18 13:59:45","2019-11-18 13:59:45",NULL,"2019-11-18 13:59:45",5,1,0,1,0,,849,165,NULL,NULL
862,"2019-11-18 13:59:46","2019-11-18 13:59:46",NULL,"2019-11-18 13:59:46",5,0,0,0,0,,891,219,NULL,NULL
863,"2019-11-18 14:06:06","2019-11-18 14:06:06",NULL,"2019-11-18 14:06:06",5,0,0,1,0,,616,33,NULL,NULL
864,"2019-11-18 14:06:07","2019-11-18 14:06:07",NULL,"2019-11-18 14:06:07",5,0,0,1,0,,832,231,NULL,NULL
865,"2019-11-18 14:06:08","2019-11-18 14:06:08",NULL,"2019-11-18 14:06:08",5,1,0,1,0,,980,445,NULL,NULL
866,"2019-11-18 14:06:09","2019-11-18 14:06:09",NULL,"2019-11-18 14:06:09",5,0,0,0,0,,980,445,NULL,NULL
867,"2019-11-18 14:35:28","2019-11-18 14:35:28",NULL,"2019-11-18 14:35:28",6,0,0,0,0,,592,852,NULL,NULL
868,"2019-11-18 14:35:29","2019-11-18 14:35:29",NULL,"2019-11-18 14:35:29",6,0,0,0,0,,556,400,NULL,NULL
869,"2019-11-18 14:35:37","2019-11-18 14:35:37",NULL,"2019-11-18 14:35:37",6,0,0,0,0,,630,263,NULL,NULL
870,"2019-11-18 14:35:39","2019-11-18 14:35:39",NULL,"2019-11-18 14:35:39",6,0,0,0,0,,646,312,NULL,NULL
871,"2019-11-18 14:35:48","2019-11-18 14:35:48",NULL,"2019-11-18 14:35:48",6,1,0,1,0,,558,112,NULL,NULL
872,"2019-11-18 14:35:50","2019-11-18 14:35:50",NULL,"2019-11-18 14:35:50",6,0,0,0,0,,558,112,NULL,NULL
873,"2019-11-18 14:37:01","2019-11-18 14:37:01",NULL,"2019-11-18 14:37:01",6,0,0,1,0,,558,112,NULL,NULL
